test_id,test_name,sample_idx,in_re,in_im,exp_out_re,exp_out_im
0,impulse,0,1.0000000000,0.0000000000,1.0000000000,0.0000000000
0,impulse,1,0.0000000000,0.0000000000,1.0000000000,0.0000000000
0,impulse,2,0.0000000000,0.0000000000,1.0000000000,0.0000000000
0,impulse,3,0.0000000000,0.0000000000,1.0000000000,0.0000000000
0,impulse,4,0.0000000000,0.0000000000,1.0000000000,0.0000000000
0,impulse,5,0.0000000000,0.0000000000,1.0000000000,0.0000000000
0,impulse,6,0.0000000000,0.0000000000,1.0000000000,0.0000000000
0,impulse,7,0.0000000000,0.0000000000,1.0000000000,0.0000000000
0,impulse,8,0.0000000000,0.0000000000,1.0000000000,0.0000000000
0,impulse,9,0.0000000000,0.0000000000,1.0000000000,0.0000000000
0,impulse,10,0.0000000000,0.0000000000,1.0000000000,0.0000000000
0,impulse,11,0.0000000000,0.0000000000,1.0000000000,0.0000000000
0,impulse,12,0.0000000000,0.0000000000,1.0000000000,0.0000000000
0,impulse,13,0.0000000000,0.0000000000,1.0000000000,0.0000000000
0,impulse,14,0.0000000000,0.0000000000,1.0000000000,0.0000000000
0,impulse,15,0.0000000000,0.0000000000,1.0000000000,0.0000000000
1,dc,0,1.0000000000,0.0000000000,16.0000000000,0.0000000000
1,dc,1,1.0000000000,0.0000000000,0.0000000000,0.0000000000
1,dc,2,1.0000000000,0.0000000000,0.0000000000,0.0000000000
1,dc,3,1.0000000000,0.0000000000,0.0000000000,0.0000000000
1,dc,4,1.0000000000,0.0000000000,0.0000000000,0.0000000000
1,dc,5,1.0000000000,0.0000000000,0.0000000000,0.0000000000
1,dc,6,1.0000000000,0.0000000000,0.0000000000,0.0000000000
1,dc,7,1.0000000000,0.0000000000,0.0000000000,0.0000000000
1,dc,8,1.0000000000,0.0000000000,0.0000000000,0.0000000000
1,dc,9,1.0000000000,0.0000000000,0.0000000000,0.0000000000
1,dc,10,1.0000000000,0.0000000000,0.0000000000,0.0000000000
1,dc,11,1.0000000000,0.0000000000,0.0000000000,0.0000000000
1,dc,12,1.0000000000,0.0000000000,0.0000000000,0.0000000000
1,dc,13,1.0000000000,0.0000000000,0.0000000000,0.0000000000
1,dc,14,1.0000000000,0.0000000000,0.0000000000,0.0000000000
1,dc,15,1.0000000000,0.0000000000,0.0000000000,0.0000000000
2,tone_bin0,0,1.0000000000,0.0000000000,16.0000000000,0.0000000000
2,tone_bin0,1,1.0000000000,0.0000000000,0.0000000000,0.0000000000
2,tone_bin0,2,1.0000000000,0.0000000000,0.0000000000,0.0000000000
2,tone_bin0,3,1.0000000000,0.0000000000,0.0000000000,0.0000000000
2,tone_bin0,4,1.0000000000,0.0000000000,0.0000000000,0.0000000000
2,tone_bin0,5,1.0000000000,0.0000000000,0.0000000000,0.0000000000
2,tone_bin0,6,1.0000000000,0.0000000000,0.0000000000,0.0000000000
2,tone_bin0,7,1.0000000000,0.0000000000,0.0000000000,0.0000000000
2,tone_bin0,8,1.0000000000,0.0000000000,0.0000000000,0.0000000000
2,tone_bin0,9,1.0000000000,0.0000000000,0.0000000000,0.0000000000
2,tone_bin0,10,1.0000000000,0.0000000000,0.0000000000,0.0000000000
2,tone_bin0,11,1.0000000000,0.0000000000,0.0000000000,0.0000000000
2,tone_bin0,12,1.0000000000,0.0000000000,0.0000000000,0.0000000000
2,tone_bin0,13,1.0000000000,0.0000000000,0.0000000000,0.0000000000
2,tone_bin0,14,1.0000000000,0.0000000000,0.0000000000,0.0000000000
2,tone_bin0,15,1.0000000000,0.0000000000,0.0000000000,0.0000000000
3,tone_bin1,0,1.0000000000,0.0000000000,-0.0000000000,-0.0000000000
3,tone_bin1,1,0.9238795325,0.3826834324,16.0000000000,-0.0000000000
3,tone_bin1,2,0.7071067812,0.7071067812,0.0000000000,0.0000000000
3,tone_bin1,3,0.3826834324,0.9238795325,0.0000000000,-0.0000000000
3,tone_bin1,4,0.0000000000,1.0000000000,0.0000000000,-0.0000000000
3,tone_bin1,5,-0.3826834324,0.9238795325,0.0000000000,0.0000000000
3,tone_bin1,6,-0.7071067812,0.7071067812,0.0000000000,0.0000000000
3,tone_bin1,7,-0.9238795325,0.3826834324,0.0000000000,0.0000000000
3,tone_bin1,8,-1.0000000000,0.0000000000,0.0000000000,0.0000000000
3,tone_bin1,9,-0.9238795325,-0.3826834324,0.0000000000,0.0000000000
3,tone_bin1,10,-0.7071067812,-0.7071067812,-0.0000000000,0.0000000000
3,tone_bin1,11,-0.3826834324,-0.9238795325,0.0000000000,0.0000000000
3,tone_bin1,12,-0.0000000000,-1.0000000000,-0.0000000000,0.0000000000
3,tone_bin1,13,0.3826834324,-0.9238795325,-0.0000000000,0.0000000000
3,tone_bin1,14,0.7071067812,-0.7071067812,-0.0000000000,-0.0000000000
3,tone_bin1,15,0.9238795325,-0.3826834324,0.0000000000,-0.0000000000
4,tone_bin2,0,1.0000000000,0.0000000000,0.0000000000,-0.0000000000
4,tone_bin2,1,0.7071067812,0.7071067812,-0.0000000000,0.0000000000
4,tone_bin2,2,0.0000000000,1.0000000000,16.0000000000,-0.0000000000
4,tone_bin2,3,-0.7071067812,0.7071067812,0.0000000000,-0.0000000000
4,tone_bin2,4,-1.0000000000,0.0000000000,0.0000000000,-0.0000000000
4,tone_bin2,5,-0.7071067812,-0.7071067812,0.0000000000,-0.0000000000
4,tone_bin2,6,-0.0000000000,-1.0000000000,0.0000000000,-0.0000000000
4,tone_bin2,7,0.7071067812,-0.7071067812,0.0000000000,0.0000000000
4,tone_bin2,8,1.0000000000,-0.0000000000,-0.0000000000,0.0000000000
4,tone_bin2,9,0.7071067812,0.7071067812,0.0000000000,0.0000000000
4,tone_bin2,10,0.0000000000,1.0000000000,0.0000000000,0.0000000000
4,tone_bin2,11,-0.7071067812,0.7071067812,-0.0000000000,0.0000000000
4,tone_bin2,12,-1.0000000000,0.0000000000,0.0000000000,0.0000000000
4,tone_bin2,13,-0.7071067812,-0.7071067812,-0.0000000000,0.0000000000
4,tone_bin2,14,-0.0000000000,-1.0000000000,-0.0000000000,0.0000000000
4,tone_bin2,15,0.7071067812,-0.7071067812,-0.0000000000,-0.0000000000
5,tone_bin3,0,1.0000000000,0.0000000000,-0.0000000000,-0.0000000000
5,tone_bin3,1,0.3826834324,0.9238795325,0.0000000000,0.0000000000
5,tone_bin3,2,-0.7071067812,0.7071067812,-0.0000000000,0.0000000000
5,tone_bin3,3,-0.9238795325,-0.3826834324,16.0000000000,-0.0000000000
5,tone_bin3,4,-0.0000000000,-1.0000000000,0.0000000000,0.0000000000
5,tone_bin3,5,0.9238795325,-0.3826834324,-0.0000000000,0.0000000000
5,tone_bin3,6,0.7071067812,0.7071067812,0.0000000000,-0.0000000000
5,tone_bin3,7,-0.3826834324,0.9238795325,-0.0000000000,0.0000000000
5,tone_bin3,8,-1.0000000000,0.0000000000,0.0000000000,-0.0000000000
5,tone_bin3,9,-0.3826834324,-0.9238795325,0.0000000000,0.0000000000
5,tone_bin3,10,0.7071067812,-0.7071067812,-0.0000000000,0.0000000000
5,tone_bin3,11,0.9238795325,0.3826834324,0.0000000000,-0.0000000000
5,tone_bin3,12,0.0000000000,1.0000000000,0.0000000000,0.0000000000
5,tone_bin3,13,-0.9238795325,0.3826834324,-0.0000000000,-0.0000000000
5,tone_bin3,14,-0.7071067812,-0.7071067812,-0.0000000000,-0.0000000000
5,tone_bin3,15,0.3826834324,-0.9238795325,0.0000000000,0.0000000000
6,tone_bin4,0,1.0000000000,0.0000000000,-0.0000000000,0.0000000000
6,tone_bin4,1,0.0000000000,1.0000000000,-0.0000000000,-0.0000000000
6,tone_bin4,2,-1.0000000000,0.0000000000,0.0000000000,-0.0000000000
6,tone_bin4,3,-0.0000000000,-1.0000000000,-0.0000000000,0.0000000000
6,tone_bin4,4,1.0000000000,-0.0000000000,16.0000000000,-0.0000000000
6,tone_bin4,5,0.0000000000,1.0000000000,0.0000000000,0.0000000000
6,tone_bin4,6,-1.0000000000,0.0000000000,-0.0000000000,-0.0000000000
6,tone_bin4,7,-0.0000000000,-1.0000000000,0.0000000000,-0.0000000000
6,tone_bin4,8,1.0000000000,-0.0000000000,0.0000000000,0.0000000000
6,tone_bin4,9,0.0000000000,1.0000000000,0.0000000000,0.0000000000
6,tone_bin4,10,-1.0000000000,0.0000000000,-0.0000000000,0.0000000000
6,tone_bin4,11,-0.0000000000,-1.0000000000,0.0000000000,0.0000000000
6,tone_bin4,12,1.0000000000,-0.0000000000,0.0000000000,0.0000000000
6,tone_bin4,13,-0.0000000000,1.0000000000,-0.0000000000,0.0000000000
6,tone_bin4,14,-1.0000000000,0.0000000000,0.0000000000,0.0000000000
6,tone_bin4,15,-0.0000000000,-1.0000000000,-0.0000000000,0.0000000000
7,tone_bin5,0,1.0000000000,0.0000000000,-0.0000000000,-0.0000000000
7,tone_bin5,1,-0.3826834324,0.9238795325,0.0000000000,0.0000000000
7,tone_bin5,2,-0.7071067812,-0.7071067812,0.0000000000,0.0000000000
7,tone_bin5,3,0.9238795325,-0.3826834324,-0.0000000000,0.0000000000
7,tone_bin5,4,0.0000000000,1.0000000000,-0.0000000000,-0.0000000000
7,tone_bin5,5,-0.9238795325,-0.3826834324,16.0000000000,-0.0000000000
7,tone_bin5,6,0.7071067812,-0.7071067812,0.0000000000,-0.0000000000
7,tone_bin5,7,0.3826834324,0.9238795325,0.0000000000,0.0000000000
7,tone_bin5,8,-1.0000000000,0.0000000000,-0.0000000000,0.0000000000
7,tone_bin5,9,0.3826834324,-0.9238795325,-0.0000000000,0.0000000000
7,tone_bin5,10,0.7071067812,0.7071067812,0.0000000000,-0.0000000000
7,tone_bin5,11,-0.9238795325,0.3826834324,0.0000000000,0.0000000000
7,tone_bin5,12,-0.0000000000,-1.0000000000,-0.0000000000,0.0000000000
7,tone_bin5,13,0.9238795325,0.3826834324,0.0000000000,-0.0000000000
7,tone_bin5,14,-0.7071067812,0.7071067812,0.0000000000,0.0000000000
7,tone_bin5,15,-0.3826834324,-0.9238795325,0.0000000000,0.0000000000
8,tone_bin6,0,1.0000000000,0.0000000000,-0.0000000000,-0.0000000000
8,tone_bin6,1,-0.7071067812,0.7071067812,-0.0000000000,-0.0000000000
8,tone_bin6,2,-0.0000000000,-1.0000000000,0.0000000000,0.0000000000
8,tone_bin6,3,0.7071067812,0.7071067812,-0.0000000000,-0.0000000000
8,tone_bin6,4,-1.0000000000,0.0000000000,0.0000000000,0.0000000000
8,tone_bin6,5,0.7071067812,-0.7071067812,-0.0000000000,0.0000000000
8,tone_bin6,6,0.0000000000,1.0000000000,16.0000000000,-0.0000000000
8,tone_bin6,7,-0.7071067812,-0.7071067812,0.0000000000,0.0000000000
8,tone_bin6,8,1.0000000000,-0.0000000000,-0.0000000000,0.0000000000
8,tone_bin6,9,-0.7071067812,0.7071067812,0.0000000000,-0.0000000000
8,tone_bin6,10,-0.0000000000,-1.0000000000,-0.0000000000,0.0000000000
8,tone_bin6,11,0.7071067812,0.7071067812,0.0000000000,-0.0000000000
8,tone_bin6,12,-1.0000000000,0.0000000000,0.0000000000,-0.0000000000
8,tone_bin6,13,0.7071067812,-0.7071067812,-0.0000000000,0.0000000000
8,tone_bin6,14,-0.0000000000,1.0000000000,-0.0000000000,0.0000000000
8,tone_bin6,15,-0.7071067812,-0.7071067812,0.0000000000,0.0000000000
9,tone_bin7,0,1.0000000000,0.0000000000,0.0000000000,-0.0000000000
9,tone_bin7,1,-0.9238795325,0.3826834324,-0.0000000000,-0.0000000000
9,tone_bin7,2,0.7071067812,-0.7071067812,0.0000000000,0.0000000000
9,tone_bin7,3,-0.3826834324,0.9238795325,0.0000000000,0.0000000000
9,tone_bin7,4,-0.0000000000,-1.0000000000,-0.0000000000,0.0000000000
9,tone_bin7,5,0.3826834324,0.9238795325,-0.0000000000,0.0000000000
9,tone_bin7,6,-0.7071067812,-0.7071067812,-0.0000000000,0.0000000000
9,tone_bin7,7,0.9238795325,0.3826834324,16.0000000000,-0.0000000000
9,tone_bin7,8,-1.0000000000,0.0000000000,0.0000000000,0.0000000000
9,tone_bin7,9,0.9238795325,-0.3826834324,0.0000000000,0.0000000000
9,tone_bin7,10,-0.7071067812,0.7071067812,0.0000000000,0.0000000000
9,tone_bin7,11,0.3826834324,-0.9238795325,-0.0000000000,0.0000000000
9,tone_bin7,12,-0.0000000000,1.0000000000,-0.0000000000,0.0000000000
9,tone_bin7,13,-0.3826834324,-0.9238795325,0.0000000000,-0.0000000000
9,tone_bin7,14,0.7071067812,0.7071067812,-0.0000000000,-0.0000000000
9,tone_bin7,15,-0.9238795325,-0.3826834324,0.0000000000,-0.0000000000
10,tone_bin8,0,1.0000000000,0.0000000000,0.0000000000,0.0000000000
10,tone_bin8,1,-1.0000000000,0.0000000000,-0.0000000000,0.0000000000
10,tone_bin8,2,1.0000000000,-0.0000000000,0.0000000000,0.0000000000
10,tone_bin8,3,-1.0000000000,0.0000000000,-0.0000000000,0.0000000000
10,tone_bin8,4,1.0000000000,-0.0000000000,-0.0000000000,0.0000000000
10,tone_bin8,5,-1.0000000000,0.0000000000,-0.0000000000,-0.0000000000
10,tone_bin8,6,1.0000000000,-0.0000000000,0.0000000000,-0.0000000000
10,tone_bin8,7,-1.0000000000,0.0000000000,-0.0000000000,0.0000000000
10,tone_bin8,8,1.0000000000,-0.0000000000,16.0000000000,-0.0000000000
10,tone_bin8,9,-1.0000000000,0.0000000000,0.0000000000,0.0000000000
10,tone_bin8,10,1.0000000000,-0.0000000000,-0.0000000000,-0.0000000000
10,tone_bin8,11,-1.0000000000,0.0000000000,0.0000000000,-0.0000000000
10,tone_bin8,12,1.0000000000,-0.0000000000,0.0000000000,0.0000000000
10,tone_bin8,13,-1.0000000000,-0.0000000000,0.0000000000,0.0000000000
10,tone_bin8,14,1.0000000000,-0.0000000000,-0.0000000000,0.0000000000
10,tone_bin8,15,-1.0000000000,0.0000000000,0.0000000000,0.0000000000
11,tone_bin9,0,1.0000000000,0.0000000000,0.0000000000,0.0000000000
11,tone_bin9,1,-0.9238795325,-0.3826834324,0.0000000000,0.0000000000
11,tone_bin9,2,0.7071067812,0.7071067812,-0.0000000000,0.0000000000
11,tone_bin9,3,-0.3826834324,-0.9238795325,-0.0000000000,0.0000000000
11,tone_bin9,4,0.0000000000,1.0000000000,-0.0000000000,-0.0000000000
11,tone_bin9,5,0.3826834324,-0.9238795325,0.0000000000,-0.0000000000
11,tone_bin9,6,-0.7071067812,0.7071067812,-0.0000000000,0.0000000000
11,tone_bin9,7,0.9238795325,-0.3826834324,-0.0000000000,-0.0000000000
11,tone_bin9,8,-1.0000000000,0.0000000000,-0.0000000000,-0.0000000000
11,tone_bin9,9,0.9238795325,0.3826834324,16.0000000000,-0.0000000000
11,tone_bin9,10,-0.7071067812,-0.7071067812,0.0000000000,-0.0000000000
11,tone_bin9,11,0.3826834324,0.9238795325,0.0000000000,-0.0000000000
11,tone_bin9,12,-0.0000000000,-1.0000000000,0.0000000000,0.0000000000
11,tone_bin9,13,-0.3826834324,0.9238795325,-0.0000000000,-0.0000000000
11,tone_bin9,14,0.7071067812,-0.7071067812,0.0000000000,-0.0000000000
11,tone_bin9,15,-0.9238795325,0.3826834324,0.0000000000,0.0000000000
12,tone_bin10,0,1.0000000000,0.0000000000,-0.0000000000,0.0000000000
12,tone_bin10,1,-0.7071067812,-0.7071067812,-0.0000000000,0.0000000000
12,tone_bin10,2,0.0000000000,1.0000000000,-0.0000000000,-0.0000000000
12,tone_bin10,3,0.7071067812,-0.7071067812,0.0000000000,0.0000000000
12,tone_bin10,4,-1.0000000000,0.0000000000,0.0000000000,0.0000000000
12,tone_bin10,5,0.7071067812,0.7071067812,-0.0000000000,-0.0000000000
12,tone_bin10,6,-0.0000000000,-1.0000000000,-0.0000000000,-0.0000000000
12,tone_bin10,7,-0.7071067812,0.7071067812,0.0000000000,0.0000000000
12,tone_bin10,8,1.0000000000,-0.0000000000,-0.0000000000,0.0000000000
12,tone_bin10,9,-0.7071067812,-0.7071067812,-0.0000000000,-0.0000000000
12,tone_bin10,10,-0.0000000000,1.0000000000,16.0000000000,-0.0000000000
12,tone_bin10,11,0.7071067812,-0.7071067812,0.0000000000,-0.0000000000
12,tone_bin10,12,-1.0000000000,0.0000000000,0.0000000000,0.0000000000
12,tone_bin10,13,0.7071067812,0.7071067812,-0.0000000000,0.0000000000
12,tone_bin10,14,-0.0000000000,-1.0000000000,0.0000000000,-0.0000000000
12,tone_bin10,15,-0.7071067812,0.7071067812,0.0000000000,-0.0000000000
13,tone_bin11,0,1.0000000000,0.0000000000,0.0000000000,0.0000000000
13,tone_bin11,1,-0.3826834324,-0.9238795325,0.0000000000,0.0000000000
13,tone_bin11,2,-0.7071067812,0.7071067812,0.0000000000,0.0000000000
13,tone_bin11,3,0.9238795325,0.3826834324,-0.0000000000,0.0000000000
13,tone_bin11,4,-0.0000000000,-1.0000000000,-0.0000000000,0.0000000000
13,tone_bin11,5,-0.9238795325,0.3826834324,-0.0000000000,0.0000000000
13,tone_bin11,6,0.7071067812,0.7071067812,-0.0000000000,0.0000000000
13,tone_bin11,7,0.3826834324,-0.9238795325,-0.0000000000,0.0000000000
13,tone_bin11,8,-1.0000000000,0.0000000000,-0.0000000000,0.0000000000
13,tone_bin11,9,0.3826834324,0.9238795325,-0.0000000000,0.0000000000
13,tone_bin11,10,0.7071067812,-0.7071067812,-0.0000000000,0.0000000000
13,tone_bin11,11,-0.9238795325,-0.3826834324,16.0000000000,-0.0000000000
13,tone_bin11,12,0.0000000000,1.0000000000,0.0000000000,0.0000000000
13,tone_bin11,13,0.9238795325,-0.3826834324,0.0000000000,0.0000000000
13,tone_bin11,14,-0.7071067812,-0.7071067812,0.0000000000,0.0000000000
13,tone_bin11,15,-0.3826834324,0.9238795325,0.0000000000,0.0000000000
14,tone_bin12,0,1.0000000000,0.0000000000,-0.0000000000,0.0000000000
14,tone_bin12,1,-0.0000000000,-1.0000000000,0.0000000000,-0.0000000000
14,tone_bin12,2,-1.0000000000,0.0000000000,0.0000000000,-0.0000000000
14,tone_bin12,3,0.0000000000,1.0000000000,-0.0000000000,0.0000000000
14,tone_bin12,4,1.0000000000,-0.0000000000,0.0000000000,0.0000000000
14,tone_bin12,5,-0.0000000000,-1.0000000000,0.0000000000,0.0000000000
14,tone_bin12,6,-1.0000000000,0.0000000000,-0.0000000000,-0.0000000000
14,tone_bin12,7,-0.0000000000,1.0000000000,-0.0000000000,-0.0000000000
14,tone_bin12,8,1.0000000000,-0.0000000000,0.0000000000,0.0000000000
14,tone_bin12,9,-0.0000000000,-1.0000000000,-0.0000000000,-0.0000000000
14,tone_bin12,10,-1.0000000000,0.0000000000,0.0000000000,0.0000000000
14,tone_bin12,11,0.0000000000,1.0000000000,-0.0000000000,0.0000000000
14,tone_bin12,12,1.0000000000,-0.0000000000,16.0000000000,-0.0000000000
14,tone_bin12,13,-0.0000000000,-1.0000000000,0.0000000000,0.0000000000
14,tone_bin12,14,-1.0000000000,-0.0000000000,-0.0000000000,0.0000000000
14,tone_bin12,15,0.0000000000,1.0000000000,0.0000000000,-0.0000000000
15,tone_bin13,0,1.0000000000,0.0000000000,-0.0000000000,0.0000000000
15,tone_bin13,1,0.3826834324,-0.9238795325,-0.0000000000,-0.0000000000
15,tone_bin13,2,-0.7071067812,-0.7071067812,0.0000000000,-0.0000000000
15,tone_bin13,3,-0.9238795325,0.3826834324,0.0000000000,-0.0000000000
15,tone_bin13,4,-0.0000000000,1.0000000000,0.0000000000,0.0000000000
15,tone_bin13,5,0.9238795325,0.3826834324,0.0000000000,0.0000000000
15,tone_bin13,6,0.7071067812,-0.7071067812,-0.0000000000,0.0000000000
15,tone_bin13,7,-0.3826834324,-0.9238795325,-0.0000000000,-0.0000000000
15,tone_bin13,8,-1.0000000000,-0.0000000000,-0.0000000000,-0.0000000000
15,tone_bin13,9,-0.3826834324,0.9238795325,0.0000000000,-0.0000000000
15,tone_bin13,10,0.7071067812,0.7071067812,0.0000000000,0.0000000000
15,tone_bin13,11,0.9238795325,-0.3826834324,0.0000000000,0.0000000000
15,tone_bin13,12,0.0000000000,-1.0000000000,0.0000000000,0.0000000000
15,tone_bin13,13,-0.9238795325,-0.3826834324,16.0000000000,0.0000000000
15,tone_bin13,14,-0.7071067812,0.7071067812,-0.0000000000,0.0000000000
15,tone_bin13,15,0.3826834324,0.9238795325,-0.0000000000,0.0000000000
16,tone_bin14,0,1.0000000000,0.0000000000,0.0000000000,0.0000000000
16,tone_bin14,1,0.7071067812,-0.7071067812,0.0000000000,0.0000000000
16,tone_bin14,2,-0.0000000000,-1.0000000000,-0.0000000000,0.0000000000
16,tone_bin14,3,-0.7071067812,-0.7071067812,-0.0000000000,0.0000000000
16,tone_bin14,4,-1.0000000000,0.0000000000,0.0000000000,-0.0000000000
16,tone_bin14,5,-0.7071067812,0.7071067812,-0.0000000000,-0.0000000000
16,tone_bin14,6,-0.0000000000,1.0000000000,0.0000000000,-0.0000000000
16,tone_bin14,7,0.7071067812,0.7071067812,0.0000000000,-0.0000000000
16,tone_bin14,8,1.0000000000,-0.0000000000,-0.0000000000,-0.0000000000
16,tone_bin14,9,0.7071067812,-0.7071067812,0.0000000000,0.0000000000
16,tone_bin14,10,-0.0000000000,-1.0000000000,0.0000000000,0.0000000000
16,tone_bin14,11,-0.7071067812,-0.7071067812,-0.0000000000,0.0000000000
16,tone_bin14,12,-1.0000000000,-0.0000000000,-0.0000000000,0.0000000000
16,tone_bin14,13,-0.7071067812,0.7071067812,-0.0000000000,0.0000000000
16,tone_bin14,14,0.0000000000,1.0000000000,16.0000000000,-0.0000000000
16,tone_bin14,15,0.7071067812,0.7071067812,0.0000000000,0.0000000000
17,tone_bin15,0,1.0000000000,0.0000000000,0.0000000000,0.0000000000
17,tone_bin15,1,0.9238795325,-0.3826834324,0.0000000000,0.0000000000
17,tone_bin15,2,0.7071067812,-0.7071067812,-0.0000000000,0.0000000000
17,tone_bin15,3,0.3826834324,-0.9238795325,0.0000000000,0.0000000000
17,tone_bin15,4,-0.0000000000,-1.0000000000,0.0000000000,0.0000000000
17,tone_bin15,5,-0.3826834324,-0.9238795325,-0.0000000000,0.0000000000
17,tone_bin15,6,-0.7071067812,-0.7071067812,-0.0000000000,-0.0000000000
17,tone_bin15,7,-0.9238795325,-0.3826834324,0.0000000000,-0.0000000000
17,tone_bin15,8,-1.0000000000,0.0000000000,0.0000000000,-0.0000000000
17,tone_bin15,9,-0.9238795325,0.3826834324,0.0000000000,0.0000000000
17,tone_bin15,10,-0.7071067812,0.7071067812,-0.0000000000,0.0000000000
17,tone_bin15,11,-0.3826834324,0.9238795325,-0.0000000000,0.0000000000
17,tone_bin15,12,0.0000000000,1.0000000000,0.0000000000,0.0000000000
17,tone_bin15,13,0.3826834324,0.9238795325,-0.0000000000,0.0000000000
17,tone_bin15,14,0.7071067812,0.7071067812,-0.0000000000,0.0000000000
17,tone_bin15,15,0.9238795325,0.3826834324,16.0000000000,-0.0000000000
18,two_tone_1_5,0,1.0000000000,0.0000000000,-0.0000000000,-0.0000000000
18,two_tone_1_5,1,0.2705980501,0.6532814824,8.0000000000,-0.0000000000
18,two_tone_1_5,2,-0.0000000000,0.0000000000,0.0000000000,0.0000000000
18,two_tone_1_5,3,0.6532814824,0.2705980501,-0.0000000000,0.0000000000
18,two_tone_1_5,4,0.0000000000,1.0000000000,-0.0000000000,-0.0000000000
18,two_tone_1_5,5,-0.6532814824,0.2705980501,8.0000000000,-0.0000000000
18,two_tone_1_5,6,-0.0000000000,-0.0000000000,0.0000000000,-0.0000000000
18,two_tone_1_5,7,-0.2705980501,0.6532814824,0.0000000000,0.0000000000
18,two_tone_1_5,8,-1.0000000000,0.0000000000,-0.0000000000,0.0000000000
18,two_tone_1_5,9,-0.2705980501,-0.6532814824,0.0000000000,0.0000000000
18,two_tone_1_5,10,-0.0000000000,0.0000000000,0.0000000000,-0.0000000000
18,two_tone_1_5,11,-0.6532814824,-0.2705980501,-0.0000000000,0.0000000000
18,two_tone_1_5,12,-0.0000000000,-1.0000000000,-0.0000000000,0.0000000000
18,two_tone_1_5,13,0.6532814824,-0.2705980501,-0.0000000000,-0.0000000000
18,two_tone_1_5,14,0.0000000000,0.0000000000,0.0000000000,0.0000000000
18,two_tone_1_5,15,0.2705980501,-0.6532814824,-0.0000000000,0.0000000000
19,two_tone_2_7,0,1.0000000000,0.0000000000,0.0000000000,-0.0000000000
19,two_tone_2_7,1,-0.1083863757,0.5448951068,-0.0000000000,-0.0000000000
19,two_tone_2_7,2,0.3535533906,0.1464466094,8.0000000000,-0.0000000000
19,two_tone_2_7,3,-0.5448951068,0.8154931568,0.0000000000,0.0000000000
19,two_tone_2_7,4,-0.5000000000,-0.5000000000,-0.0000000000,0.0000000000
19,two_tone_2_7,5,-0.1622116744,0.1083863757,-0.0000000000,-0.0000000000
19,two_tone_2_7,6,-0.3535533906,-0.8535533906,-0.0000000000,0.0000000000
19,two_tone_2_7,7,0.8154931568,-0.1622116744,8.0000000000,-0.0000000000
19,two_tone_2_7,8,0.0000000000,0.0000000000,0.0000000000,0.0000000000
19,two_tone_2_7,9,0.8154931568,0.1622116744,0.0000000000,0.0000000000
19,two_tone_2_7,10,-0.3535533906,0.8535533906,0.0000000000,0.0000000000
19,two_tone_2_7,11,-0.1622116744,-0.1083863757,-0.0000000000,0.0000000000
19,two_tone_2_7,12,-0.5000000000,0.5000000000,-0.0000000000,0.0000000000
19,two_tone_2_7,13,-0.5448951068,-0.8154931568,0.0000000000,-0.0000000000
19,two_tone_2_7,14,0.3535533906,-0.1464466094,-0.0000000000,-0.0000000000
19,two_tone_2_7,15,-0.1083863757,-0.5448951068,0.0000000000,-0.0000000000
20,two_tone_3_8,0,1.0000000000,0.0000000000,0.0000000000,0.0000000000
20,two_tone_3_8,1,-0.3086582838,0.4619397663,-0.0000000000,0.0000000000
20,two_tone_3_8,2,0.1464466094,0.3535533906,0.0000000000,0.0000000000
20,two_tone_3_8,3,-0.9619397663,-0.1913417162,8.0000000000,0.0000000000
20,two_tone_3_8,4,0.5000000000,-0.5000000000,-0.0000000000,0.0000000000
20,two_tone_3_8,5,-0.0380602337,-0.1913417162,-0.0000000000,-0.0000000000
20,two_tone_3_8,6,0.8535533906,0.3535533906,0.0000000000,-0.0000000000
20,two_tone_3_8,7,-0.6913417162,0.4619397663,-0.0000000000,0.0000000000
20,two_tone_3_8,8,0.0000000000,-0.0000000000,8.0000000000,-0.0000000000
20,two_tone_3_8,9,-0.6913417162,-0.4619397663,0.0000000000,0.0000000000
20,two_tone_3_8,10,0.8535533906,-0.3535533906,-0.0000000000,-0.0000000000
20,two_tone_3_8,11,-0.0380602337,0.1913417162,0.0000000000,-0.0000000000
20,two_tone_3_8,12,0.5000000000,0.5000000000,0.0000000000,0.0000000000
20,two_tone_3_8,13,-0.9619397663,0.1913417162,0.0000000000,0.0000000000
20,two_tone_3_8,14,0.1464466094,-0.3535533906,-0.0000000000,0.0000000000
20,two_tone_3_8,15,-0.3086582838,-0.4619397663,0.0000000000,0.0000000000
21,two_tone_4_12,0,1.0000000000,0.0000000000,-0.0000000000,0.0000000000
21,two_tone_4_12,1,-0.0000000000,0.0000000000,0.0000000000,-0.0000000000
21,two_tone_4_12,2,-1.0000000000,0.0000000000,0.0000000000,-0.0000000000
21,two_tone_4_12,3,0.0000000000,0.0000000000,-0.0000000000,0.0000000000
21,two_tone_4_12,4,1.0000000000,-0.0000000000,8.0000000000,-0.0000000000
21,two_tone_4_12,5,-0.0000000000,0.0000000000,0.0000000000,0.0000000000
21,two_tone_4_12,6,-1.0000000000,0.0000000000,-0.0000000000,-0.0000000000
21,two_tone_4_12,7,-0.0000000000,0.0000000000,-0.0000000000,-0.0000000000
21,two_tone_4_12,8,1.0000000000,-0.0000000000,0.0000000000,0.0000000000
21,two_tone_4_12,9,-0.0000000000,0.0000000000,-0.0000000000,0.0000000000
21,two_tone_4_12,10,-1.0000000000,0.0000000000,0.0000000000,0.0000000000
21,two_tone_4_12,11,-0.0000000000,0.0000000000,-0.0000000000,0.0000000000
21,two_tone_4_12,12,1.0000000000,-0.0000000000,8.0000000000,-0.0000000000
21,two_tone_4_12,13,-0.0000000000,0.0000000000,0.0000000000,0.0000000000
21,two_tone_4_12,14,-1.0000000000,-0.0000000000,-0.0000000000,0.0000000000
21,two_tone_4_12,15,-0.0000000000,0.0000000000,0.0000000000,0.0000000000
22,two_tone_0_8,0,1.0000000000,0.0000000000,8.0000000000,0.0000000000
22,two_tone_0_8,1,0.0000000000,0.0000000000,-0.0000000000,0.0000000000
22,two_tone_0_8,2,1.0000000000,-0.0000000000,0.0000000000,0.0000000000
22,two_tone_0_8,3,0.0000000000,0.0000000000,-0.0000000000,0.0000000000
22,two_tone_0_8,4,1.0000000000,-0.0000000000,-0.0000000000,0.0000000000
22,two_tone_0_8,5,0.0000000000,0.0000000000,-0.0000000000,-0.0000000000
22,two_tone_0_8,6,1.0000000000,-0.0000000000,0.0000000000,-0.0000000000
22,two_tone_0_8,7,0.0000000000,0.0000000000,-0.0000000000,0.0000000000
22,two_tone_0_8,8,1.0000000000,-0.0000000000,8.0000000000,-0.0000000000
22,two_tone_0_8,9,0.0000000000,0.0000000000,0.0000000000,0.0000000000
22,two_tone_0_8,10,1.0000000000,-0.0000000000,-0.0000000000,-0.0000000000
22,two_tone_0_8,11,0.0000000000,0.0000000000,0.0000000000,-0.0000000000
22,two_tone_0_8,12,1.0000000000,-0.0000000000,0.0000000000,0.0000000000
22,two_tone_0_8,13,0.0000000000,-0.0000000000,0.0000000000,0.0000000000
22,two_tone_0_8,14,1.0000000000,-0.0000000000,-0.0000000000,0.0000000000
22,two_tone_0_8,15,0.0000000000,0.0000000000,0.0000000000,0.0000000000
23,random_000,0,-0.3010803843,0.8944417990,-3.6995472385,3.3630510396
23,random_000,1,-0.7262854025,0.8809655699,0.8584553125,1.5022296716
23,random_000,2,-0.1996125967,-0.3410877380,-0.8729275856,4.3011025989
23,random_000,3,0.3941871572,0.7551352080,0.8611393515,0.2908792355
23,random_000,4,-0.7258394363,-0.7370074064,-3.5131977627,3.4239471438
23,random_000,5,-0.4288489928,-0.2395039078,-1.1014089250,1.4360660427
23,random_000,6,0.3485211102,0.0671341941,3.4255476350,-1.4619041306
23,random_000,7,-0.8426385768,0.4071810617,1.1447629526,-2.1220399081
23,random_000,8,-0.6648334629,0.7131326699,2.9932164321,-2.7315319553
23,random_000,9,-0.7469859616,0.8939149480,-1.9430032125,1.5400225452
23,random_000,10,0.2210108384,-0.5432562096,-1.1045469744,1.3343102402
23,random_000,11,-0.3953810943,0.1922531687,3.5192817596,-0.1696601388
23,random_000,12,0.1787246735,0.6439421792,-1.8325858709,2.0025707387
23,random_000,13,-0.1264146621,-0.4318838343,-1.8828292033,-0.1348253038
23,random_000,14,0.7899438548,-0.3815399461,-3.1232694128,2.6290500760
23,random_000,15,-0.4740143025,0.5892292832,1.4536265929,-0.8921991117
24,random_001,0,-0.1997613728,0.0646971372,-1.1119500098,-0.5844538775
24,random_001,1,0.0733848732,0.0575442500,-2.0797880005,-1.0090337073
24,random_001,2,-0.2329077448,0.1614268849,-0.9177603195,-0.0119868334
24,random_001,3,0.0294457694,-0.8355411726,1.6296169410,0.7876163827
24,random_001,4,0.4672087705,-0.7201770135,0.8498233201,0.3059668509
24,random_001,5,-0.6381980549,0.6623969009,0.2704894224,-3.5678511993
24,random_001,6,0.6175148874,-0.5933365394,-0.1522325817,-2.4693377206
24,random_001,7,-0.6529525564,0.2850253883,1.4072639467,5.1842975675
24,random_001,8,0.1359323126,0.6420176131,-0.1277701859,0.3186782158
24,random_001,9,0.8822172236,-0.3472018662,-1.7271957623,-0.8842567233
24,random_001,10,-0.7901269850,-0.8715781547,-0.3990262524,4.5719490788
24,random_001,11,0.1802379621,0.5417263433,0.6287876992,-4.8538726127
24,random_001,12,-0.5018906120,0.6716309046,-0.0041467310,2.5924833765
24,random_001,13,0.0081801335,-0.3850297953,-3.3735120740,-0.7245378032
24,random_001,14,-0.1158293538,0.5124313369,1.3524302789,0.9304189120
24,random_001,15,-0.3744052625,-0.4304860951,0.5587883443,0.4490742887
25,random_002,0,-0.4837253752,-0.7763327666,0.3545616358,-2.8382284671
25,random_002,1,0.7980872645,-0.8689352842,2.1663173871,0.4464617787
25,random_002,2,-0.7010266918,0.0757205305,-1.1800080153,-0.8524820341
25,random_002,3,0.2223108852,-0.5243420515,-0.0413268615,-0.7655649495
25,random_002,4,-0.4217667436,0.3556203210,-2.3884380376,0.8968293171
25,random_002,5,-0.5713894060,0.0846711751,-0.8276638307,-3.5561341732
25,random_002,6,0.2240305930,-0.1107866068,-0.2245337181,-3.5271886272
25,random_002,7,-0.6428350366,0.0139390302,-2.8826049640,0.5583732124
25,random_002,8,-0.2464947550,0.4410932341,-1.8565923554,2.6837497032
25,random_002,9,-0.2409047775,0.0513437727,-3.3805579652,0.0462962658
25,random_002,10,0.7789618296,-0.4611335953,2.0074181906,0.3648824856
25,random_002,11,0.4112982567,-0.8817710498,2.0721231879,1.4944752549
25,random_002,12,-0.7986616371,0.5967027962,-3.9121252865,1.7259837859
25,random_002,13,0.7742840340,-0.2666523939,0.1286520270,-3.3139074481
25,random_002,14,0.8976674203,-0.1981232951,1.3579565450,-1.1354624234
25,random_002,15,0.3547257753,-0.3692422837,0.8672160576,-4.6494079463
26,random_003,0,-0.5047041742,0.7591297545,0.7889962570,1.2948412789
26,random_003,1,0.2668135614,-0.1589482428,0.1673766191,3.6561257924
26,random_003,2,0.7246756095,0.1649511021,-3.1891848259,-0.7637022802
26,random_003,3,0.3077828191,-0.2053683695,-0.0254979477,-1.8446187724
26,random_003,4,-0.8800364147,0.3737207818,-4.0451441616,0.8123100232
26,random_003,5,0.4826428520,-0.8882497303,-1.4996837031,0.8172228171
26,random_003,6,-0.4901584839,0.1283009050,1.2289630946,0.6050182626
26,random_003,7,-0.4904543902,-0.2493170727,-1.5292226564,-2.2332116013
26,random_003,8,-0.8968385409,0.7174961758,-1.5057878455,1.5437461532
26,random_003,9,0.3311605926,0.0107881113,5.1649264475,1.9292788084
26,random_003,10,0.4763635354,-0.7473812459,-0.5312947963,1.7183397234
26,random_003,11,0.6659244829,0.2327568677,-1.5082235973,-0.5242447335
26,random_003,12,0.3758088458,-0.2291173733,-2.8611453857,2.8340198997
26,random_003,13,-0.0014935113,0.6781839492,0.1472707234,-1.2127120607
26,random_003,14,0.8364938286,0.2521936161,-1.0977440572,3.7684343816
26,random_003,15,-0.4149843553,0.4557020499,2.2201290478,-0.2547716199
27,random_004,0,0.7686364400,0.7245045694,2.4809776173,-0.0584718901
27,random_004,1,0.1458100633,-0.2664551357,-0.1062865385,5.4847805257
27,random_004,2,-0.5259290500,0.5484100824,0.8687213095,0.4943330902
27,random_004,3,-0.7734464827,0.1517899342,2.9360271714,-1.2448365322
27,random_004,4,-0.8769514251,0.1720358781,0.1186604164,-3.0151622005
27,random_004,5,0.0154503861,-0.5851930493,0.2474295035,3.7543144547
27,random_004,6,0.7560546165,0.8332722989,1.5719309690,0.2936112092
27,random_004,7,-0.8372250433,-0.4013340158,-2.6618697215,-0.8859211168
27,random_004,8,0.7472828989,0.3782175407,1.7351408778,4.4134403592
27,random_004,9,0.8955433851,-0.7476406503,0.5249960811,-1.9156247563
27,random_004,10,0.6713816182,-0.1148301391,2.6230598679,2.9506854701
27,random_004,11,0.3776338124,-0.7320190370,1.6750881945,0.5031901502
27,random_004,12,0.4988884823,-0.1125253332,0.2166466729,3.3091243509
27,random_004,13,0.7107269881,0.4568142089,0.5575199640,-0.4349624800
27,random_004,14,0.0686956667,-0.2516006625,2.5122169805,0.4342164911
27,random_004,15,-0.1615747394,-0.1119183796,-3.0020763250,-2.4906440157
28,random_005,0,0.5941174431,-0.0850450139,3.5369614446,-2.4512754820
28,random_005,1,0.7269440522,-0.5542431840,-1.3263639899,-0.1548778266
28,random_005,2,-0.5183949598,-0.6988625608,-2.6221636817,0.7769278127
28,random_005,3,0.7962053396,-0.5490580966,0.6871137643,-1.5009828224
28,random_005,4,-0.1034090551,-0.1799404253,-1.9385049624,0.1292752137
28,random_005,5,0.0304814151,-0.3177971542,5.4315252131,-1.4438296816
28,random_005,6,0.5403431558,-0.3882797585,-0.2295287905,-1.3459081677
28,random_005,7,0.8957553912,0.5473429091,0.4145289845,1.1444960178
28,random_005,8,-0.8994943469,-0.2437335432,-4.4445959407,-1.2234657568
28,random_005,9,0.5025759318,-0.4855136223,1.6335750477,1.9925465198
28,random_005,10,-0.2323538782,-0.4017709010,-1.5108173226,2.2812178152
28,random_005,11,0.4945691914,0.6888495027,0.8723722694,-1.0430561714
28,random_005,12,0.3852314041,-0.6066759628,2.7519212391,-0.9161137561
28,random_005,13,0.4740407047,-0.1220050211,1.9426530390,2.1954769427
28,random_005,14,-0.2198570110,0.7669375461,2.0137127836,0.1191138640
28,random_005,15,0.0702066666,0.1785198039,2.2934899917,0.0797352567
29,random_006,0,0.2826719987,-0.5551859995,0.9602265247,-0.1844447132
29,random_006,1,0.2092311231,0.4575617820,0.3507325318,0.8750855474
29,random_006,2,-0.7232580586,0.5867780869,3.9613338578,1.2947411315
29,random_006,3,-0.7011947406,-0.7514191890,2.4662711069,0.2442755451
29,random_006,4,-0.6419736222,0.4669154196,1.9370871964,0.6943820621
29,random_006,5,0.1569778041,0.6838998517,1.0288449828,-3.0286075991
29,random_006,6,0.1091722207,-0.4066764564,-3.3814503519,0.2281459907
29,random_006,7,0.7052279636,-0.2021662802,-1.2215669871,-2.5026529078
29,random_006,8,-0.1262967930,0.5816898584,-0.8199931734,-1.2896428606
29,random_006,9,0.4246512214,-0.0206275476,3.5405376188,1.0007225606
29,random_006,10,0.3623241111,0.0238486057,1.1408968448,1.8339368598
29,random_006,11,0.1667360902,0.2213099583,-2.2394170113,-1.5820875912
29,random_006,12,-0.0141088209,-0.7130587481,-4.0761494975,-0.0988523667
29,random_006,13,-0.5441138313,0.6587746243,1.4356567044,-0.8832447357
29,random_006,14,0.8215856399,-0.7213545535,1.5290502445,-2.2662352324
29,random_006,15,0.4725942186,-0.4947341257,-2.0893086129,-3.2184976831
30,random_007,0,0.0265281458,0.5180706100,-3.4281344554,2.0784468740
30,random_007,1,-0.1337774108,0.0519401135,0.8264176397,0.8750187677
30,random_007,2,-0.0985409771,0.1800730736,-0.6864903674,-3.7170174646
30,random_007,3,-0.8660783176,0.5287961738,4.4972571022,-0.0390012345
30,random_007,4,0.2766876865,0.8485636750,-2.2833865605,2.9927867503
30,random_007,5,-0.3328458928,0.8021367946,2.2550899321,-1.8370581237
30,random_007,6,0.4855931547,-0.7688263595,-1.2424963905,1.2834792379
30,random_007,7,-0.4184437729,0.7501616193,-1.1746820927,4.8871023900
30,random_007,8,-0.7685399135,-0.3653221369,1.5666218872,-3.8448057614
30,random_007,9,-0.5231016159,-0.2651041286,0.4809560059,-0.3090797917
30,random_007,10,0.8041922452,-0.6707644870,1.9075241964,0.6235241823
30,random_007,11,0.7485967318,0.5841164437,-1.0485366208,1.9782705828
30,random_007,12,-0.8759554518,-0.1498478480,-1.2202190031,2.1794293376
30,random_007,13,-0.4623035192,0.6260484901,3.6114547518,0.1941175824
30,random_007,14,-0.7807211740,-0.4751259709,-0.5495134483,-0.3738553707
30,random_007,15,-0.5094243737,-0.1164691885,-3.0874122436,1.3177718026
31,random_008,0,-0.7489996870,-0.3220615646,-0.7896342536,0.1167993682
31,random_008,1,0.3317305027,0.3115877031,-2.3235931569,-0.0429332711
31,random_008,2,-0.8478460024,0.5811733447,0.8370713704,3.2927707424
31,random_008,3,0.2386368507,0.0422811181,-1.0803319958,-1.4609946739
31,random_008,4,-0.6063609807,-0.5679583840,-0.6260509016,-3.9792023511
31,random_008,5,0.8041505137,0.4226427180,2.0186389128,-1.8895808495
31,random_008,6,0.6538002470,-0.4932683462,-1.7343378502,1.6471590602
31,random_008,7,0.6750347101,-0.5295877767,-0.1913481305,-2.1983825973
31,random_008,8,-0.5610933301,0.4516940504,-5.5117817722,-0.1343489854
31,random_008,9,0.5483015188,0.0679317043,-2.9244492143,0.2194054562
31,random_008,10,0.3514499807,0.2341864499,0.3867161722,-0.0527185171
31,random_008,11,-0.8203566520,-0.6305979240,3.3749286020,-2.3959426468
31,random_008,12,-0.6391772613,-0.5247199531,-3.2950581090,0.1445685629
31,random_008,13,0.5272970729,-0.0721232351,2.3048243074,-1.5131789180
31,random_008,14,-0.7524809790,0.6321795944,0.2523312073,0.0020320061
31,random_008,15,0.0562792423,0.5134398692,-2.6819201798,3.0915625799
32,random_009,0,0.4012702200,0.0476142458,0.3951556102,2.8628211800
32,random_009,1,-0.5855408263,0.6115863682,-0.8438445987,1.4973306584
32,random_009,2,-0.2018860978,-0.8057709162,-0.1573471050,-0.8820000047
32,random_009,3,-0.1839906178,0.8324399952,0.7114651469,0.5063619246
32,random_009,4,-0.5969290907,0.1983790891,-0.0906187192,2.0033832868
32,random_009,5,0.3248385483,0.5508050040,0.2720426302,0.4410052243
32,random_009,6,-0.3394850773,0.1618320139,2.9715007791,0.5180697687
32,random_009,7,0.5742608148,0.2255012780,3.4485692301,-2.6307951949
32,random_009,8,-0.1604770236,-0.2416229851,0.6633697802,-4.1512658997
32,random_009,9,-0.0067502270,0.5803342460,0.9273690719,1.5290450841
32,random_009,10,0.6963713716,-0.3544842923,-0.0842116479,-2.2516494880
32,random_009,11,-0.0704017953,0.2581329000,2.1671824453,2.6854453705
32,random_009,12,0.1787244581,0.8921405017,-1.6775524165,2.8711048393
32,random_009,13,0.4173293506,0.4075295760,-0.8836237794,0.7921821518
32,random_009,14,0.5516739350,-0.5423100169,-0.0939507099,-2.5225335966
32,random_009,15,-0.6038523322,0.0407141725,-1.3051821978,-2.5066773719
33,random_010,0,-0.3629334472,0.4378904504,-0.4606427644,-0.9008747961
33,random_010,1,0.4686044175,-0.6105705817,0.3989598711,-0.2752385780
33,random_010,2,-0.3558704611,-0.0555781938,-0.3601933692,0.1360883233
33,random_010,3,0.6394709274,-0.2404958621,-1.0372063314,1.9182986259
33,random_010,4,-0.0140413907,0.3398456390,-3.4657606778,3.1893640684
33,random_010,5,0.2045507253,-0.2663325120,-2.1296915539,-2.5952242726
33,random_010,6,-0.0871312913,-0.7940284699,-0.0750684214,-2.3730727412
33,random_010,7,-0.7749844864,-0.2336433515,-2.0141885884,-1.0198620427
33,random_010,8,-0.4251448032,0.7387373896,-0.3780169738,0.3536187938
33,random_010,9,0.1054499761,0.3591350908,0.5938953330,2.9507917912
33,random_010,10,0.4273916616,-0.7503784362,0.1606355335,2.5685354665
33,random_010,11,0.0705226690,0.2988554786,0.8618004949,-1.1169866469
33,random_010,12,-0.3859260223,0.1101436994,-0.4477622376,3.8643606475
33,random_010,13,-0.6305124218,-0.5503550046,2.3044895322,-2.7712552239
33,random_010,14,0.7843258851,-0.3002600796,-1.2778170926,2.5750029577
33,random_010,15,-0.1244147025,0.6161599475,1.5196320910,0.5027008328
34,random_011,0,0.7885403727,-0.0768175952,-1.1116836424,-1.1167194341
34,random_011,1,0.4334078032,0.4607302723,3.1083284484,1.2552442459
34,random_011,2,-0.1005688254,0.8562920898,5.8275522008,-1.2990225506
34,random_011,3,0.2258083089,-0.3006665602,-0.2131146882,2.8264552061
34,random_011,4,-0.8808083856,0.1828032319,0.9132709234,-3.4444099934
34,random_011,5,0.4002232435,0.3432332581,2.2778758025,-0.1613700347
34,random_011,6,-0.6279000661,-0.8748871488,-1.6061086065,-0.3238215276
34,random_011,7,-0.4555642233,-0.7228752220,2.2558043712,-2.0076384543
34,random_011,8,-0.8636105813,-0.3492805902,-2.1766143495,1.3374926102
34,random_011,9,0.7837919241,0.1065021991,0.7961605586,2.9389408610
34,random_011,10,0.2905420174,0.8570706999,2.0735201186,-0.5016061328
34,random_011,11,-0.7842988660,-0.2573666447,0.8145863386,-2.5566267035
34,random_011,12,-0.4242789031,-0.3525249582,-3.1456029209,0.8403571706
34,random_011,13,-0.2799985030,-0.5093002796,2.5675517668,-1.1168451621
34,random_011,14,0.1739353756,-0.1322691411,-1.3748953925,1.0989443744
34,random_011,15,0.2090956662,-0.3473630453,1.6100150339,1.0015440016
35,random_012,0,-0.6967530901,0.0268616188,-3.7190505726,0.2713998358
35,random_012,1,0.5005819227,-0.6477315450,0.6998695000,1.6042719813
35,random_012,2,-0.7864907385,0.2318471966,0.6247416833,-2.8664741696
35,random_012,3,0.6016041741,0.6567764608,-4.0827662048,0.4230194893
35,random_012,4,-0.3660153234,-0.3300208149,0.6016299102,-1.0722073344
35,random_012,5,-0.7425691175,0.4507772957,-2.5030955953,-0.6099409760
35,random_012,6,-0.8858850231,-0.2821387029,-0.9227969086,-2.3868368406
35,random_012,7,-0.7179768221,-0.8294421637,2.4902109328,-0.7351216448
35,random_012,8,-0.4022801541,0.2848284844,-3.8030806326,1.7209658170
35,random_012,9,0.6953069465,0.1143393592,-1.1023644520,0.4082129495
35,random_012,10,-0.7999959780,0.7214856658,0.1245794667,7.5295491470
35,random_012,11,0.7457914812,-0.4364253263,-0.6913717112,0.9532694428
35,random_012,12,-0.5141982409,-0.2986719318,-0.9964859392,-2.1881688926
35,random_012,13,-0.7113026263,0.1197523572,1.6023032711,-3.0271430870
35,random_012,14,0.6905529455,0.6419913104,-0.7018029609,1.4852932627
35,random_012,15,-0.3294209287,-0.1528294285,1.2314307719,-1.0803030797
36,random_013,0,0.7622810498,0.4437922675,-2.1833587943,-2.4653518950
36,random_013,1,0.8264835446,-0.0709646168,3.3650019262,0.0531293486
36,random_013,2,0.0790066834,-0.3597160020,1.4247631742,-2.5128484409
36,random_013,3,0.1366399556,0.8380199308,0.9438688537,-1.1420600004
36,random_013,4,-0.1938120931,-0.4405387770,-0.1081245792,-2.6067876439
36,random_013,5,-0.1873255486,-0.3431818033,3.6117873536,0.9742315709
36,random_013,6,-0.8438295915,-0.1384999880,1.6194708318,3.0400653396
36,random_013,7,-0.2650033549,0.2230846198,1.8431889888,-0.1360034752
36,random_013,8,-0.4133416621,-0.4021167085,-0.8845357227,-0.4906147854
36,random_013,9,-0.0117856154,-0.7176615207,-1.1053261756,1.6317577966
36,random_013,10,-0.0054116292,-0.2398363665,-0.6028635290,1.1330662009
36,random_013,11,-0.8824722531,-0.0811998521,0.7768488476,3.3124273280
36,random_013,12,-0.3261710811,-0.3379881244,2.4918439501,2.6153489542
36,random_013,13,0.3534560011,-0.0118684690,-1.5791748671,0.1950812359
36,random_013,14,-0.5926689347,-0.0030796411,1.0343197710,1.6205267421
36,random_013,15,-0.6194042650,-0.8235968436,1.5487867676,1.8787080036
37,random_014,0,0.0955506543,0.4959863582,1.1186512694,-1.0755183995
37,random_014,1,-0.5384862059,0.7000328474,-1.8701256899,4.1468046742
37,random_014,2,-0.6934917703,-0.8491095924,-1.1558677091,0.6957142554
37,random_014,3,0.2914322525,-0.5394051557,2.1375284971,3.3365617172
37,random_014,4,-0.0788058070,-0.6220734289,2.8230540104,5.7262559618
37,random_014,5,-0.6389666351,0.3605004404,-0.2829657431,-0.0939265859
37,random_014,6,-0.1068172436,-0.3305135619,0.6717853916,0.5277077710
37,random_014,7,-0.5046250913,-0.3598087339,-1.4993307560,-2.0056997731
37,random_014,8,0.5346994455,0.4785316301,1.7911250053,-2.2961551720
37,random_014,9,-0.0840683225,-0.1845830831,-2.4145214701,-0.5320775127
37,random_014,10,0.7661565546,-0.6221360407,-0.1449271619,2.1487150059
37,random_014,11,0.6906869327,0.1472256318,0.1576275762,-1.7614663722
37,random_014,12,0.6938672417,0.2386238205,-0.7515841468,0.0096911292
37,random_014,13,-0.3357384786,0.3228685278,-0.6317712593,-0.3602894685
37,random_014,14,0.2437290620,-0.4751459706,0.6897641398,2.0597333543
37,random_014,15,0.7835286804,0.1634879115,0.8903685158,-2.5902688541
38,random_015,0,-0.5886621394,0.0044767538,-1.8040602968,-1.3604690302
38,random_015,1,0.2021213569,0.7197805337,-1.8829858548,1.9662336353
38,random_015,2,0.6468601252,-0.7215210908,-2.9680651431,-1.5425172089
38,random_015,3,-0.5363469408,-0.6230813177,0.0132027432,-1.0849436174
38,random_015,4,-0.5580790003,-0.1134335802,2.0786401461,-1.9580280389
38,random_015,5,0.2271350042,0.2843152737,-1.7445023716,0.8784827536
38,random_015,6,0.2251541695,0.3438835566,2.7552307830,-0.1912647697
38,random_015,7,-0.6307524048,-0.7984474969,-0.7077205514,-0.2362532599
38,random_015,8,0.3897451175,-0.1701102815,0.2280275230,-0.7582866096
38,random_015,9,0.3328778198,-0.2906901548,0.3918768481,-2.3541550950
38,random_015,10,-0.3170001840,-0.8459556673,-1.2921446814,1.0506762299
38,random_015,11,0.2927191736,-0.4138950463,-3.2581904877,-2.3368785920
38,random_015,12,-0.1811978094,-0.3158218958,-4.2553826987,1.6972276638
38,random_015,13,-0.3563422102,0.7195544534,0.1315356127,1.7153116112
38,random_015,14,-0.4048366660,0.7591043853,3.6664181928,1.7375935420
38,random_015,15,-0.5474557086,0.1013725445,-0.7704739944,2.8488988471
39,random_016,0,0.6863281580,-0.4331231297,0.7611528548,0.0213118861
39,random_016,1,-0.8617319487,0.2056238720,1.5284725802,1.1016102641
39,random_016,2,-0.6725202976,-0.0594764303,-0.6252566303,3.8765898794
39,random_016,3,-0.5742475301,0.6450500929,-0.0267546082,1.0013326561
39,random_016,4,0.6075833538,-0.6073542274,1.2533139617,-0.8264896749
39,random_016,5,0.3162720195,0.2598577395,-0.9168998480,-4.0493900875
39,random_016,6,-0.7665491926,0.1762316888,3.5066843710,2.1275675768
39,random_016,7,0.2402934954,0.1271473912,3.9173604744,0.4086346611
39,random_016,8,0.1677419853,0.7726917717,0.0128218793,-1.8495747402
39,random_016,9,0.0295622818,-0.0278830092,2.0573839214,-1.4749960549
39,random_016,10,-0.5407658500,-0.3802166831,-0.8819915441,2.0390300012
39,random_016,11,0.6444706035,0.5275922075,-1.0128888390,-0.5030767009
39,random_016,12,0.0540447928,-0.7130256987,4.0355044641,-1.2684926070
39,random_016,13,0.5924796583,-0.6654245713,-0.1719260777,-2.6146379714
39,random_016,14,0.8511244172,0.3301412816,-1.2296682099,-1.4033931850
39,random_016,15,-0.0129330920,-0.1365204094,-1.2260582218,-3.5159959780
40,random_017,0,0.5198490699,0.6247246581,2.8697933373,0.4132293156
40,random_017,1,0.8186229579,0.5964390911,2.4047883432,1.3619795145
40,random_017,2,-0.5460965224,-0.0888828280,1.7470600473,2.8867806825
40,random_017,3,0.2858928011,0.3871976817,1.9793093668,3.0383978916
40,random_017,4,0.4389562444,0.0020043577,-2.9016552798,0.4128154548
40,random_017,5,-0.1017861404,-0.6028999668,0.9495460839,-0.2545011585
40,random_017,6,0.5713299037,0.4146890243,0.3498424840,-3.0194653014
40,random_017,7,0.2180014092,0.4892595443,-1.5512256870,-0.8236479660
40,random_017,8,0.3123919423,-0.7741052914,-0.1083050420,-0.4956260875
40,random_017,9,-0.5068775658,-0.7397149231,-1.5575474403,-0.9970953944
40,random_017,10,0.0003052261,0.5436692962,-0.1366225327,1.7747305977
40,random_017,11,0.6780603634,0.1320612241,-2.8192328906,3.6171554263
40,random_017,12,-0.4447750451,-0.8362361023,3.4458558308,-4.2648681946
40,random_017,13,-0.6348555693,-0.6134881280,2.3860033636,1.9500116787
40,random_017,14,0.5287833287,0.0729384995,1.3919592529,1.0973584664
40,random_017,15,0.7319909334,0.8055731783,-0.1319841185,3.2983396044
41,random_018,0,-0.8652674230,-0.6480081401,2.9336876837,-0.5938438131
41,random_018,1,-0.2767898456,-0.8365099711,-1.3237211623,0.8940803439
41,random_018,2,-0.0330248195,0.6203489434,-1.3016520322,-1.3076660488
41,random_018,3,-0.0558938929,0.7125910612,-1.9935273439,-1.7238064275
41,random_018,4,0.1380287457,-0.2787271918,0.3613520118,-1.6011551233
41,random_018,5,0.0046892797,0.6859612781,-4.2313351020,1.6906314475
41,random_018,6,0.6636245769,0.6532238529,-1.4767259875,0.1913506152
41,random_018,7,0.8447706673,-0.5478610817,-0.1378625524,1.8585046627
41,random_018,8,0.4676022273,-0.8902277390,-1.1160811479,0.1577826415
41,random_018,9,0.3563091187,0.3958092414,-2.0432465459,0.5548293257
41,random_018,10,0.0675996298,-0.1497146399,-2.7535803149,-0.4595664337
41,random_018,11,0.5320819779,-0.5125945336,2.5541874151,-1.2214474204
41,random_018,12,0.7788280027,-0.0554303514,-0.1021923368,-5.4523573938
41,random_018,13,-0.0345669125,-0.3172810749,1.3736368476,0.3925343066
41,random_018,14,-0.3085876720,0.5305046800,0.2738705581,-3.2404314765
41,random_018,15,0.6542840233,0.0440718534,-4.8610887582,-0.5075694474
42,random_019,0,0.7314115688,0.7769569036,-1.3620662736,2.7455314800
42,random_019,1,-0.7639206627,0.7452153815,0.4934056803,1.2195707796
42,random_019,2,-0.3530673190,0.1694466607,0.3002581940,2.1458574232
42,random_019,3,-0.4945989663,0.7327753884,1.3924533105,3.5553900726
42,random_019,4,0.6426357281,-0.6021351007,3.7333751881,-0.7882325028
42,random_019,5,0.5432130990,0.7336505311,-1.9884508900,0.8752979566
42,random_019,6,-0.3920582216,0.8753639807,-0.0118421204,4.5314677186
42,random_019,7,0.5093103635,-0.6884634158,2.0002826039,-3.7946897160
42,random_019,8,0.3884550721,-0.4122008513,3.3892973874,-0.8355934725
42,random_019,9,-0.7489139588,-0.2283026858,-0.8208875039,-0.9522442222
42,random_019,10,0.4078350576,0.4035388344,0.4824794467,-1.8449113667
42,random_019,11,-0.8286921992,-0.5907802281,2.7294833193,3.0343717916
42,random_019,12,-0.0012595669,-0.0407445976,1.2843649062,-2.2342000886
42,random_019,13,-0.5797112892,0.2569705819,1.4421966884,1.0384253260
42,random_019,14,-0.4103367621,-0.2152568261,1.1430663985,-0.8018707728
42,random_019,15,-0.0123682168,0.8294969232,-2.5048312344,4.5371400519
43,random_020,0,-0.1944491193,0.2925037547,-0.3561754894,-1.1745957526
43,random_020,1,-0.6750172835,0.1845152563,-1.9872805987,0.4623771300
43,random_020,2,-0.1582579071,0.7721610360,0.2530307925,1.4648306263
43,random_020,3,0.4473558374,-0.2389056853,-0.2237437476,1.2908412080
43,random_020,4,0.4452044449,-0.3855332885,0.7563552312,-0.3618988689
43,random_020,5,0.0610345617,-0.0076432381,0.0480173377,2.4964642300
43,random_020,6,0.6763551032,-0.8525042705,-3.4259291201,-2.7245004522
43,random_020,7,-0.3378208774,0.2898576724,-0.4345580218,1.6071826817
43,random_020,8,0.0003854735,-0.6381742096,1.8878495022,-3.1118797999
43,random_020,9,0.8194150049,0.6455043177,0.9281442604,1.6918794772
43,random_020,10,0.3586530488,-0.3012000070,2.4347409181,0.2128524494
43,random_020,11,-0.3059038289,-0.8876624853,2.5496544674,-0.7529597747
43,random_020,12,-0.1571353177,-0.5279374627,-1.9120073184,-0.3881904027
43,random_020,13,-0.7730114144,0.3290353134,0.8013973258,-3.3373680306
43,random_020,14,-0.2049187199,-0.5025533288,-1.1903736827,3.3180185615
43,random_020,15,-0.3580644956,0.6539408727,-3.2403077662,3.9870067929
44,random_021,0,0.7220580695,0.8268128446,3.1049709196,-1.7662916230
44,random_021,1,-0.7665137658,0.0383517468,-0.8296093239,-0.0777631846
44,random_021,2,0.3253474375,0.8678032534,0.5164046032,2.9881083862
44,random_021,3,0.6925022089,-0.6970475185,1.2561558388,1.1610870881
44,random_021,4,0.2849626492,-0.3131478177,0.5335008752,0.6681461456
44,random_021,5,0.7519004550,-0.8270837157,0.4997945959,0.4447834267
44,random_021,6,-0.0180408796,0.0666839057,1.9229528070,0.8753758705
44,random_021,7,0.6342742198,-0.3306100710,1.7489539087,2.3164718419
44,random_021,8,-0.5352979568,0.2873818541,-2.5604263115,3.6331108582
44,random_021,9,0.8743884468,0.6419224297,4.5882790940,0.8357799550
44,random_021,10,0.5569147673,-0.4382902588,1.3268687911,-1.8631584935
44,random_021,11,0.5442477814,-0.8934409895,3.7867188005,-0.0949134941
44,random_021,12,-0.6961416393,-0.4029656582,-1.9757209929,-0.9426404899
44,random_021,13,0.1538775130,-0.5757356141,1.1302311016,-2.9694933890
44,random_021,14,-0.3675301438,0.0391314946,-1.3744697899,5.3209069354
44,random_021,15,-0.0519782434,-0.0560575084,-2.1216758048,2.6994956801
45,random_022,0,-0.3753917614,0.2124440065,-0.2449886005,-5.7173637842
45,random_022,1,0.6163757306,-0.8289747531,-1.8333131002,1.9915554168
45,random_022,2,-0.4244896952,-0.5039863932,0.2520647414,-0.2413544205
45,random_022,3,-0.0705337406,-0.3812157532,-0.0485889618,-0.9216851314
45,random_022,4,-0.8012373482,-0.5148698818,0.8484811788,0.9714112790
45,random_022,5,0.1048517464,-0.2172734884,-3.6066852713,2.7811299513
45,random_022,6,0.3695942239,-0.5119542882,-0.0463186974,-0.8250048214
45,random_022,7,-0.3257009551,-0.7588513318,-3.5468021477,1.0820575410
45,random_022,8,0.5060882675,-0.7549814912,-3.3252971285,-1.5956265256
45,random_022,9,0.0043735366,-0.0296575110,-1.5339229861,-0.0663829828
45,random_022,10,-0.6149993956,-0.5522674301,1.4253432601,1.6060765962
45,random_022,11,0.6923809613,-0.0819016342,1.0339334525,-1.1554970239
45,random_022,12,0.4170787320,-0.1627312634,1.7079561095,1.4610245114
45,random_022,13,0.1668794265,-0.1693972948,2.0394467685,4.0366639264
45,random_022,14,-0.8617858874,-0.8681484136,0.4283311850,0.0005372880
45,random_022,15,0.3515275584,0.4064031372,0.4440920147,-0.0084377156
46,random_023,0,0.3872297993,0.0448295911,1.5199448756,1.0619283759
46,random_023,1,-0.5593683370,0.1736592640,1.1793877298,0.4362673296
46,random_023,2,0.7853583521,0.7017984145,-0.7059809898,-1.9898579955
46,random_023,3,-0.2178725734,-0.7925314980,-0.2173117104,2.3434051807
46,random_023,4,0.8548924891,0.1663692390,2.5992122427,0.9200178827
46,random_023,5,-0.6562008304,0.8183339439,-1.1192758770,-4.1609224610
46,random_023,6,-0.5661944914,0.7140012299,-0.5528948891,2.5696310499
46,random_023,7,0.5300620719,-0.6204285907,-0.3221754278,1.4542685741
46,random_023,8,-0.0295923429,0.0270669244,4.2228802176,0.3983530596
46,random_023,9,-0.1658750060,0.2996316181,5.2938409958,0.6055138990
46,random_023,10,0.5636826285,-0.3407955446,-2.3837883034,0.0707595855
46,random_023,11,0.5089173008,0.7818617995,-0.0241617093,-1.4226643506
46,random_023,12,0.5518187560,-0.7259416346,-1.2846425299,-4.3310028385
46,random_023,13,-0.6070448424,-0.1547673038,-0.1174207849,1.9778969667
46,random_023,14,0.3242173559,0.1428124980,-0.5536309722,1.8753430045
46,random_023,15,-0.1840854546,-0.1739715749,-1.3383060781,-1.0916638046
47,random_024,0,0.0102931038,0.6561758840,-1.7087292583,-0.3964443520
47,random_024,1,-0.1686966581,-0.8732111555,-2.1147246440,0.2139177077
47,random_024,2,0.5521860544,-0.1235484319,1.4399271532,-1.6222971426
47,random_024,3,0.2315968918,0.6659736267,0.0333941331,-2.1009739603
47,random_024,4,-0.8822053041,-0.2154378904,-6.1490425730,3.3895819947
47,random_024,5,0.1186999821,-0.8920041736,0.2036169590,-0.4475259765
47,random_024,6,-0.6857013037,-0.4507226395,1.2402570058,5.2281878046
47,random_024,7,0.8798712405,0.1913286064,0.3511599109,-1.8117931253
47,random_024,8,-0.2210924131,0.3496677584,-0.9642339481,-0.0362391930
47,random_024,9,-0.6527246720,-0.5565248632,2.4849158440,2.2354270998
47,random_024,10,0.8556795434,-0.0413418488,2.1007437867,0.3247253348
47,random_024,11,0.2636406616,0.5769325468,-0.9640528772,3.2227251203
47,random_024,12,-0.8055516303,-0.3835891184,1.2277808046,-1.3296319155
47,random_024,13,-0.6632059571,0.3874830581,1.0243388207,-0.4691716334
47,random_024,14,-0.1600896536,-0.0075454860,1.1269025548,2.4888666078
47,random_024,15,-0.3814291438,0.3199197748,0.8324359882,1.6094597728
48,random_025,0,-0.0174665962,0.0825308169,-0.0629612066,0.8125440611
48,random_025,1,0.8476756934,-0.8562356851,1.9125373700,-0.5916262568
48,random_025,2,0.8219585998,0.4691569236,-0.5591494503,-1.1799674897
48,random_025,3,-0.4666336622,0.6042288715,-2.1997014287,-4.3716045788
48,random_025,4,0.3381799239,0.2549745537,-1.5509980318,-2.4891305768
48,random_025,5,-0.4186776455,-0.6610538628,-4.0664076646,0.9473613159
48,random_025,6,0.1580014433,0.7314124083,-0.6211418246,-2.8359834502
48,random_025,7,-0.0445150821,-0.5310837695,1.8320738565,1.8820680087
48,random_025,8,-0.6608447779,0.0517306614,0.3613898429,4.5999745003
48,random_025,9,0.0581469933,0.7065870186,1.3956858159,-2.1636859406
48,random_025,10,-0.5820483538,0.4601447253,-2.7991099597,0.1290426964
48,random_025,11,0.7149531890,-0.8812955909,1.9999695354,2.2160238437
48,random_025,12,0.3092465268,0.1050280709,1.1290297018,-0.9463315732
48,random_025,13,-0.2075330527,-0.8061620139,3.9314831369,1.8154179149
48,random_025,14,-0.2178124477,0.5512811207,-1.3235500649,2.9839436583
48,random_025,15,-0.6955919580,0.5312998125,0.3413848320,0.5124469370
49,random_026,0,0.4401642133,-0.5247418454,1.3568642302,2.1572253455
49,random_026,1,0.4913196085,-0.2696739647,-2.1178712315,-1.7198775253
49,random_026,2,0.8812237015,-0.7406907116,-1.6824948947,-0.5095075287
49,random_026,3,-0.7063083912,-0.6030010678,-2.2051900032,-1.3246617158
49,random_026,4,0.6716658118,0.3079697014,-1.8971738736,-2.8602362498
49,random_026,5,-0.5119196601,-0.7517139328,0.9680119798,-2.4283147966
49,random_026,6,0.0039241768,0.4405276932,0.2443683002,-3.2065067947
49,random_026,7,-0.0721002314,-0.0176770155,3.2524765464,1.5316008299
49,random_026,8,-0.8696955606,0.7571562238,0.8531949326,3.3308681926
49,random_026,9,0.7016509570,0.6662826756,2.7306777596,-5.3967483638
49,random_026,10,0.0579151831,0.8554731294,-1.9071956242,-2.1387745129
49,random_026,11,0.3644818531,-0.1870665340,1.0415731176,2.2282092428
49,random_026,12,-0.5236233538,0.7568263994,-1.4388408464,2.5609846287
49,random_026,13,0.8001716386,-0.0528887467,1.8631937957,-0.3638082537
49,random_026,14,0.4434554093,0.8915261788,1.0350269973,2.5252619466
49,random_026,15,-0.8154611257,0.6289171624,4.9460062266,-2.7815839713
50,random_027,0,0.2878119002,-0.2969684779,-1.3999099077,3.2598783916
50,random_027,1,-0.0251354917,0.2506865481,-0.2763435893,-0.8312852814
50,random_027,2,-0.5347492853,-0.2975799376,-0.7344155427,2.4056011575
50,random_027,3,0.3535770337,0.5849046635,-0.4728262254,-1.9035572575
50,random_027,4,-0.7435965295,-0.7546799939,1.0223409598,-1.9239497676
50,random_027,5,0.0359581606,0.1188404103,-0.6546426585,2.5835320701
50,random_027,6,-0.0236271181,0.5273533491,2.2344839964,-1.8691756057
50,random_027,7,-0.4083560377,0.6024589532,1.6011468358,-1.6427637905
50,random_027,8,-0.0044303220,0.5460048763,-2.6925937683,-2.5200481281
50,random_027,9,0.2191582765,0.8807146407,-1.6724798850,-1.6443852857
50,random_027,10,-0.5625519951,0.5548914711,1.8143843051,1.2222163321
50,random_027,11,0.4115047940,-0.4938706577,1.9505430241,-0.2131312565
50,random_027,12,-0.0377843061,-0.1638423725,1.0781656868,-1.4938243676
50,random_027,13,0.2007213697,0.1807838491,1.4090845364,-0.6565060261
50,random_027,14,-0.4273241822,0.2547362170,0.9445968966,2.9115931751
50,random_027,15,-0.1410861748,0.7654448526,0.4534557400,-2.4356900057
51,random_028,0,0.0518664579,-0.5748974928,-4.7592835117,2.3162426014
51,random_028,1,0.1404038844,-0.4852023724,1.2903455992,-1.0910383451
51,random_028,2,-0.4189331302,-0.1806924073,-1.1879315734,-2.2893253154
51,random_028,3,0.3646745540,0.7949059544,-0.2942534959,-1.6339834685
51,random_028,4,-0.6433148770,-0.2015183496,-3.4431736742,-1.1797919323
51,random_028,5,-0.8603556398,-0.1328617797,1.5391604485,-0.9463165401
51,random_028,6,-0.3721107313,0.7457853746,1.5427392510,-0.1354425539
51,random_028,7,-0.6320365973,0.1562111279,0.4076149264,-3.3863486089
51,random_028,8,-0.8617709799,0.7909824898,0.2808180593,0.6893885746
51,random_028,9,-0.5262970426,-0.2632435879,-0.3432991629,-0.5660408516
51,random_028,10,-0.0271219526,0.7463831200,-1.1789602006,3.9066301983
51,random_028,11,0.2478553598,0.7360890533,0.6526533381,-0.4512005141
51,random_028,12,0.1875182353,-0.4724704916,2.8588344719,-3.6574546203
51,random_028,13,-0.6331922668,-0.2874807899,2.2521514345,0.4632082557
51,random_028,14,-0.1553657484,0.6492433449,-0.5922789979,2.0784330240
51,random_028,15,-0.6211030373,0.2950094076,1.8047264146,-3.3153197885
52,random_029,0,0.5039376612,0.1765081934,3.4831618824,-0.2527359839
52,random_029,1,0.7350460893,-0.0035080471,2.7973681167,-1.3736071569
52,random_029,2,0.1165633397,-0.4350297169,0.4217186883,-0.2842945429
52,random_029,3,0.2806874999,-0.7745374700,-2.8257263777,1.4713145602
52,random_029,4,0.6588917270,0.2513068488,5.8860988181,0.9606411060
52,random_029,5,-0.8651886439,0.8869713558,1.1471821062,-1.9010987209
52,random_029,6,-0.3087592238,0.7218792426,-0.9534312757,2.4871656886
52,random_029,7,0.5213490219,-0.7189501584,-2.5398742043,-0.9977651758
52,random_029,8,0.8748401637,0.2004489014,2.1922605653,2.6774003412
52,random_029,9,-0.6842074946,0.0471827740,-2.6693125541,-0.2740049977
52,random_029,10,0.1781259169,0.4045722772,-1.7513032940,-0.6683059314
52,random_029,11,-0.7245657188,-0.1498723831,1.2878544520,1.2353220926
52,random_029,12,0.7761544639,0.0364591777,-0.3062252021,-0.7264129782
52,random_029,13,0.7153118575,-0.1150991590,-1.8994569944,3.9219989910
52,random_029,14,0.0379571751,-0.1438127455,2.0579424172,-1.1778009414
52,random_029,15,0.6670180473,-0.6372550748,1.7347454353,-2.2736852568
53,random_030,0,-0.1095211914,0.0886837772,-1.0872132647,1.1690752210
53,random_030,1,-0.6679586013,0.1740783396,2.1082604134,0.9196673965
53,random_030,2,0.7077879574,-0.6477853308,-2.8004989583,1.2198614584
53,random_030,3,-0.7320041152,0.4480423990,-1.7488987384,-0.8344864529
53,random_030,4,-0.4467143407,0.8563174108,-1.7219923157,1.4166601983
53,random_030,5,0.6699737783,0.2492017302,-2.0445940909,1.0977024809
53,random_030,6,-0.5835126378,0.3692676368,1.2140151673,0.4631080652
53,random_030,7,0.6434100663,0.4291498068,3.5262075482,-0.5283871376
53,random_030,8,-0.3170889393,-0.2500950010,-1.7133805549,-1.6400761087
53,random_030,9,-0.3534065794,-0.0750063533,3.3188248632,-2.6356242452
53,random_030,10,-0.5549666130,-0.1399917859,2.1456653040,-4.5742423830
53,random_030,11,0.5512407730,-0.5863949170,-1.6158304153,2.3778311754
53,random_030,12,-0.2353899325,0.0622366329,0.0877285197,2.0829119692
53,random_030,13,0.6744961677,-0.0984160929,0.6241029173,2.8186671133
53,random_030,14,0.1391087874,-0.5741337839,0.4627950571,-1.4285882107
53,random_030,15,-0.4726678443,0.8639207525,-2.5075305146,-0.5051401047
54,random_031,0,-0.2611434119,-0.5160273731,-1.2078423409,0.7915524821
54,random_031,1,0.7670203529,-0.8865900834,-1.6367089670,-4.6275313228
54,random_031,2,-0.2383205254,-0.4252811238,-0.1365537813,-0.6073988694
54,random_031,3,-0.6859176536,-0.6862965851,3.3986191678,-1.7759316054
54,random_031,4,-0.1527380485,0.5520563797,-1.3124817840,1.9216635203
54,random_031,5,0.0626715881,-0.2825715109,-1.8490580243,0.1494648615
54,random_031,6,0.6055458220,0.2601624050,-2.2145350842,-2.5607561700
54,random_031,7,-0.2802708237,0.6667125311,-3.0834750693,0.2568271524
54,random_031,8,-0.0886720495,0.7146104493,0.1138682842,1.6796608780
54,random_031,9,-0.3517413125,0.2335750115,-0.3193777748,-0.2841695146
54,random_031,10,-0.2481322731,0.1534847854,-0.6624577178,0.0957533695
54,random_031,11,0.2245581604,0.4270620446,-2.0948793219,-0.4445684014
54,random_031,12,0.0023449804,0.8284765446,0.4056217227,1.9235871214
54,random_031,13,-0.8078973845,0.2840336071,2.0095786567,0.4600168017
54,random_031,14,-0.1658715223,-0.3318753870,2.2158570106,-1.6553977227
54,random_031,15,0.4107217603,-0.1999792128,2.1955304337,-3.5792105509
55,random_032,0,-0.8109234928,-0.4978581990,-2.0783515011,-2.6289945117
55,random_032,1,-0.5384982559,-0.8380599436,-3.5401060893,-3.5991133428
55,random_032,2,0.4492310816,-0.4189053686,0.1834969675,0.4461631570
55,random_032,3,0.1606107224,0.1521075706,-0.4410114769,0.3616181908
55,random_032,4,-0.1577041312,-0.8925246199,-5.3189550073,2.1306599675
55,random_032,5,0.6346319873,-0.4063640779,-3.0387810984,-0.9814824111
55,random_032,6,-0.0324032412,-0.5580643596,-1.4209249660,2.7919874645
55,random_032,7,0.4277447668,-0.5245145561,2.4265729966,-3.1768939110
55,random_032,8,-0.5844382419,0.8503163196,-1.5389397865,0.1151588623
55,random_032,9,-0.1736839228,-0.7045228794,0.7721693449,-1.7772624340
55,random_032,10,-0.4541738270,0.3070471057,0.4375300038,1.0879659099
55,random_032,11,-0.3029200772,0.8511880255,0.6244544391,-2.2951311926
55,random_032,12,-0.4114061848,0.6436301048,1.0783580921,0.7974301039
55,random_032,13,-0.3906102032,-0.3364197175,-1.2438420592,-0.0496481010
55,random_032,14,0.1931723935,-0.6905588077,-2.5051076802,-1.9207059884
55,random_032,15,-0.0869808747,0.4345088913,2.6286619364,0.7325170529
56,random_033,0,-0.8290697043,-0.8671464961,0.0419114058,-2.5445418870
56,random_033,1,0.8351575053,0.3589968349,1.8562515048,1.1401999576
56,random_033,2,0.1012577290,-0.1414463801,1.8448156752,-0.8605781682
56,random_033,3,-0.6209111160,0.4527006027,1.4107570250,-1.3213920398
56,random_033,4,-0.7089416254,0.1091547038,-4.3213752340,-2.1654724072
56,random_033,5,-0.1618797591,-0.0103231191,0.0990994964,1.2583708508
56,random_033,6,0.7436393044,-0.4544520262,-2.7287024138,-4.0224878905
56,random_033,7,-0.4060147944,0.5397649769,0.9687155431,0.4691345609
56,random_033,8,-0.4837689366,-0.3967748435,-2.7669314304,-2.0477099767
56,random_033,9,0.8790416285,-0.5776526329,-2.4856548698,-2.9300647299
56,random_033,10,-0.1518631975,0.0890800950,-0.1249299863,0.5928031966
56,random_033,11,0.3826418320,-0.5640255256,-2.3780394131,-0.4038262447
56,random_033,12,-0.4529602503,-0.0257471163,-2.8525668078,2.0356692624
56,random_033,13,0.2001767518,-0.2624311670,-0.3112919213,-0.3260671883
56,random_033,14,0.4191966684,-0.6087938684,0.4050696645,-1.0990528462
56,random_033,15,0.2962093701,-0.1854459251,-1.9222435063,-1.6493283872
57,random_034,0,0.6279310700,-0.6557388956,-2.2180089585,-0.6109463586
57,random_034,1,-0.8467009415,0.6860941249,-0.6508046042,-1.0096839875
57,random_034,2,-0.0518974223,-0.8913324610,3.6581765552,1.4674881649
57,random_034,3,-0.7552471510,0.3347748226,2.1480713344,1.5075527097
57,random_034,4,-0.6920366626,0.1477422896,-1.4424959454,1.5058184018
57,random_034,5,0.1802108868,-0.3163257228,0.9573190729,2.0100733483
57,random_034,6,0.3555508490,0.1915190399,2.3043487252,-1.0513390805
57,random_034,7,0.3706164525,-0.0965403669,4.0175606357,-2.3223362580
57,random_034,8,-0.1262377643,-0.0372132841,0.6510491840,-0.0207015023
57,random_034,9,0.1427027774,-0.4863609058,0.1827375455,-2.6358518473
57,random_034,10,-0.6610354692,0.3416935442,-2.3679491835,-2.1163042533
57,random_034,11,-0.3872787773,0.4179982106,-1.7202014256,-3.0758499190
57,random_034,12,-0.2318023414,0.5482451693,1.3208729262,-0.8620294241
57,random_034,13,-0.7854392148,-0.7218109283,0.9254118042,1.0022973252
57,random_034,14,-0.0039521463,0.0392606671,2.1075531418,-3.8556033850
57,random_034,15,0.6466068966,-0.1129516625,0.1732563115,-0.4244062636
58,random_035,0,-0.7285119995,-0.5862207615,-2.3329980931,-2.3415982908
58,random_035,1,0.8146762963,0.4828373216,1.2794520221,-0.2837795316
58,random_035,2,0.0083937432,-0.4012233151,0.8138463377,-2.8105540574
58,random_035,3,-0.2728595508,-0.6750093783,0.9205326041,0.5709636800
58,random_035,4,-0.3771360180,0.7998892230,-1.4345516358,0.7678219560
58,random_035,5,-0.6919651066,-0.2047677404,-0.3572913979,-2.0640835755
58,random_035,6,-0.1078358622,-0.0416643987,1.1379768905,-5.6629816411
58,random_035,7,-0.7007229440,0.5513881390,-3.0156935439,1.9172023758
58,random_035,8,0.0704912793,-0.5090890195,-0.4263300065,-1.6387617990
58,random_035,9,0.1490856220,0.4994333502,-0.4950627369,0.3591452002
58,random_035,10,0.4882782790,-0.7972612721,-1.4269966117,-1.8123900982
58,random_035,11,0.5748112708,-0.1592940207,-2.9593483511,0.8933106397
58,random_035,12,-0.7990487675,-0.1225295149,-3.1429422874,1.5407378421
58,random_035,13,-0.5552348617,-0.5261143914,0.0665639489,-0.0074600588
58,random_035,14,0.0657052958,-0.3320809861,1.5478296448,3.1952478400
58,random_035,15,-0.2711247692,-0.3198915259,-1.8311787760,-2.0023526656
59,random_036,0,0.6832433665,-0.3027180237,4.1026256364,-0.5244008428
59,random_036,1,-0.0219815027,0.7785514304,0.5193040736,-0.3628411714
59,random_036,2,0.8371349826,0.2817371726,-1.1363133343,0.1994221423
59,random_036,3,0.7414907425,0.0259026710,0.2897594245,-1.6344442760
59,random_036,4,0.7441934339,-0.8714062342,3.1895831178,-0.1576448319
59,random_036,5,0.4582516534,0.4499028436,-0.4285727889,-0.8224774671
59,random_036,6,0.2723593535,-0.5873504123,-1.1164800905,0.7864562863
59,random_036,7,0.0466435789,-0.8617269823,3.9080783782,-2.1862228263
59,random_036,8,-0.4755152986,0.8963564530,0.6853667465,-1.9213464280
59,random_036,9,0.7446002688,-0.0886711798,2.3463910905,-2.6587826219
59,random_036,10,-0.4109854983,-0.3090045453,0.1054570359,3.4052001972
59,random_036,11,0.2957387274,-0.3869888444,1.5513288508,-3.9244829657
59,random_036,12,0.5610215415,-0.3085123269,-1.9258033272,0.2582715754
59,random_036,13,-0.2225765952,0.4882999133,-0.0536633445,-1.6848842160
59,random_036,14,0.1825443102,-0.0219757186,-2.2426112412,2.7031493359
59,random_036,15,-0.3335374282,0.2932029408,1.1374436361,3.6815397305
60,random_037,0,-0.2065248665,-0.4657459921,1.2817673312,-0.2781721758
60,random_037,1,0.8549065602,0.4924132457,1.6887462635,-2.2758701902
60,random_037,2,0.3405979562,0.5855798703,0.6608024998,-0.0904026587
60,random_037,3,0.8473793144,-0.2876809146,1.2953484005,-0.9918736449
60,random_037,4,-0.0767831207,-0.6726309378,-1.1630474517,-1.1891899391
60,random_037,5,0.0729571592,0.4967971078,2.1259628284,-1.9884768783
60,random_037,6,-0.0029272876,-0.5456924181,-3.9410957580,0.4337244623
60,random_037,7,0.4692025982,0.8064834931,0.2319168035,-0.7333839592
60,random_037,8,-0.4265741962,-0.0220582107,-4.1920430699,-2.4445675980
60,random_037,9,-0.2725808522,-0.6314217538,-2.4259787331,-1.0667654006
60,random_037,10,-0.1582644285,0.7894037299,3.7513557995,-0.8656671061
60,random_037,11,0.1727644417,0.1104915113,0.2172193221,-1.0926460899
60,random_037,12,-0.1292771345,-0.3177839895,0.7166859187,-2.0009468078
60,random_037,13,0.5102305159,-0.2861230867,-1.9279208332,3.3463852885
60,random_037,14,-0.7953847916,-0.7124419389,-2.1792177710,2.5327882005
60,random_037,15,0.0820454632,0.3822381084,0.5551005856,1.2531286235
61,random_038,0,-0.1862071147,-0.4784640702,-2.1161016743,-2.1492598302
61,random_038,1,0.4938936976,-0.3892275028,-0.7627668937,-2.1847051682
61,random_038,2,-0.8935707960,-0.6037168993,2.1948012902,0.3165712207
61,random_038,3,-0.3276616946,0.6865604140,0.9910438293,-0.9065305865
61,random_038,4,-0.6356128236,-0.8238893743,2.7271328265,-0.9127710341
61,random_038,5,0.8912971450,0.2524990251,-4.1795768870,0.6451136749
61,random_038,6,-0.4655158303,0.1760309804,2.7183279611,2.9445757354
61,random_038,7,0.1867290092,-0.6893452293,-1.1889163795,-3.3787210450
61,random_038,8,0.5591019930,-0.2247785840,-1.3487548043,-2.9296197609
61,random_038,9,-0.7966865111,0.5750609073,-2.4192229524,4.1470560670
61,random_038,10,-0.5133137683,-0.3683021443,-3.2644208441,1.2082997637
61,random_038,11,-0.6611229071,0.8111457097,-0.2181635828,-0.3974504621
61,random_038,12,0.6569286104,0.0453414518,2.3145663128,0.0644883183
61,random_038,13,-0.5360262109,-0.1401008185,0.9034069979,1.5479592175
61,random_038,14,-0.2542385100,-0.2616611556,-0.2423920414,-4.1682256470
61,random_038,15,0.3659040369,-0.7164125402,0.9117230069,-1.5022055871
62,random_039,0,0.1568624832,-0.8603525935,-2.4141796542,0.2407563115
62,random_039,1,-0.7291207493,-0.3220125698,1.4102818153,-2.0964525249
62,random_039,2,0.6099189550,-0.4013285246,-1.4273723940,-2.9831378964
62,random_039,3,0.0275697571,-0.0601548277,-1.2715849230,2.6296350176
62,random_039,4,0.8472786721,0.1713175973,0.9588384134,2.4901354375
62,random_039,5,-0.3693071325,0.4875748630,-1.5711440239,-0.3033156196
62,random_039,6,-0.7117198334,-0.2899242441,-2.7095825099,0.5052201049
62,random_039,7,-0.8903701690,-0.4332114681,3.0565151514,-1.3951271678
62,random_039,8,-0.3076759767,0.7684775888,2.0501563552,1.9666141357
62,random_039,9,-0.1274653921,-0.7638102263,-1.2186357341,-4.8863929507
62,random_039,10,-0.5503345684,0.6762321683,0.9243982245,-0.5574518988
62,random_039,11,-0.2089197786,-0.2939463672,-1.4219266256,-3.0646138676
62,random_039,12,-0.3557918649,0.8652485594,0.7678781406,-0.9187412768
62,random_039,13,-0.7424099071,0.2145235453,0.4619279338,-4.0414417819
62,random_039,14,0.1294504836,0.1740146720,0.6433554767,-1.4783949548
62,random_039,15,0.8078553668,0.3081081387,4.2708740851,0.1270674360
63,random_040,0,0.2556447146,0.8879987005,2.7643120842,4.1093979092
63,random_040,1,0.1319049040,0.6628567401,0.5569435677,1.2142930714
63,random_040,2,0.0161993802,0.0813145446,-2.2848444118,3.4199162469
63,random_040,3,0.7139486265,0.5294528620,-1.8089299527,-2.3816162539
63,random_040,4,0.3967355519,-0.3647612249,1.1828655832,0.5542705161
63,random_040,5,-0.2676543873,0.0760969493,2.2797555968,-0.4907994591
63,random_040,6,-0.0638754542,0.3964576462,0.4227762756,1.3968636385
63,random_040,7,0.8895632309,0.6733287523,1.6601769392,-0.4546022614
63,random_040,8,0.4668965331,0.8614860412,-1.7308427279,-0.3792687421
63,random_040,9,0.3080640684,-0.5533566237,0.1516573503,-1.4441540972
63,random_040,10,-0.7891062377,-0.2018790364,-0.6453972382,2.8373150588
63,random_040,11,0.1651268370,-0.0525332460,-0.0135880260,-0.1289139189
63,random_040,12,0.4991791890,-0.5702772816,4.2574890146,-1.0266147423
63,random_040,13,0.5562528033,0.1679137392,-3.0112995623,1.2364856708
63,random_040,14,-0.2649389987,0.7747251940,1.8139714019,3.0839980488
63,random_040,15,-0.2496286768,0.7405741523,-1.5047304611,2.6614085233
64,random_041,0,0.1786550877,-0.2003524866,0.5145470562,-1.6258166345
64,random_041,1,0.5775015570,-0.4720213400,0.7108342235,-4.1401295675
64,random_041,2,0.7415047543,-0.4206259079,0.3391431013,-1.4112074460
64,random_041,3,0.8165232535,-0.2140885993,-4.4800944646,-0.2517014206
64,random_041,4,0.2713081813,-0.5717129795,1.6080612423,-2.3425700079
64,random_041,5,-0.2684014098,0.4683020435,-0.6070905505,-0.7922063864
64,random_041,6,0.1330114562,-0.4762714303,3.3257691308,-1.0248705757
64,random_041,7,-0.8344933596,-0.2498199593,0.4515497989,3.6053481769
64,random_041,8,0.6557725837,-0.4140741745,0.9831897564,-0.5062480623
64,random_041,9,-0.6961109819,0.8143497452,-3.7229945817,0.2849305566
64,random_041,10,-0.7210900349,0.8330526550,2.5123560850,1.6666231919
64,random_041,11,0.1610458189,0.2327439977,-0.4097066514,0.0321252326
64,random_041,12,-0.3630011704,-0.2051172693,-0.1348593260,-1.0903929345
64,random_041,13,0.5828944280,-0.6547924497,0.2443980841,2.9650547417
64,random_041,14,-0.1472924516,0.3890692446,-2.4727856752,1.4190691807
64,random_041,15,-0.5732806561,-0.4844577242,3.9961641737,0.0063521695
65,random_042,0,-0.5696988673,0.0019219081,-0.2839879310,-0.0892168480
65,random_042,1,0.2090254730,0.4788245254,-0.5701598655,1.2131744215
65,random_042,2,0.2353859486,-0.1883753460,-0.5411241533,-0.5496216750
65,random_042,3,-0.4052522058,-0.1203288344,-2.9404964650,-0.9789137519
65,random_042,4,0.7102157302,0.8730929288,0.4628576061,-0.3874544983
65,random_042,5,-0.8710073596,-0.4512526380,0.9353423707,-0.2149715362
65,random_042,6,0.4675121615,0.0189438405,-1.4379407221,-4.3536682128
65,random_042,7,0.0060509212,-0.2988725789,-0.4699629402,1.7068160596
65,random_042,8,0.0329054450,-0.4009596973,1.1112217231,1.6322254991
65,random_042,9,0.1590934780,0.1242895000,-0.5202277025,-4.8639461464
65,random_042,10,-0.2951185264,0.4606285953,-1.0999568964,-2.5910836191
65,random_042,11,0.2263455743,-0.5619174294,1.0048152054,2.2677333565
65,random_042,12,0.2392351791,0.4186464938,0.3605385495,2.4152523811
65,random_042,13,0.8547627149,-0.5566422101,-0.4375863122,3.5933474783
65,random_042,14,-0.4068201745,-0.4123943978,-2.8659555543,0.7312646600
65,random_042,15,-0.8766234231,0.5251784918,-1.8225587896,0.4998129619
66,random_043,0,0.8107887398,-0.7365755065,3.9167833241,-0.3175674578
66,random_043,1,0.8401661368,0.2813134836,-0.2820569151,-3.0226861393
66,random_043,2,-0.1138001819,-0.3128986750,2.8240426156,-0.3985240097
66,random_043,3,0.5026759050,0.4095670198,-0.1343604541,-2.8225172093
66,random_043,4,-0.1434754884,0.5262339659,1.1080719635,0.6340675020
66,random_043,5,0.6748155388,-0.5760511654,-2.1248579677,-0.5876855710
66,random_043,6,0.4883981940,0.3213017859,3.1082058618,-5.2411642922
66,random_043,7,0.5866318701,-0.6595588597,1.7639003082,-5.2947590928
66,random_043,8,0.4319066105,0.5755839537,0.6887280215,1.3994620099
66,random_043,9,0.5086897432,0.8142900015,1.0752556827,0.6669906960
66,random_043,10,0.0289344251,-0.3473482220,-2.0951087581,-0.6847484249
66,random_043,11,-0.1383378169,-0.5509416078,2.8144927936,0.1494797838
66,random_043,12,0.3765916380,0.8510863849,0.1896626909,3.1493531379
66,random_043,13,-0.5878361842,-0.7192073685,1.5477780410,-0.2249883210
66,random_043,14,0.4234117356,-0.3364364109,0.2011770835,0.1711891125
66,random_043,15,-0.7727775415,0.1420737625,-1.6290944544,0.6388901716
67,random_044,0,-0.8546068717,0.1795211599,1.7829184479,0.1552619202
67,random_044,1,-0.2943688894,0.8111525667,-1.6487559163,-0.5255659214
67,random_044,2,0.8335970947,0.7850615585,3.0162098351,1.8510914830
67,random_044,3,-0.0712585145,-0.2224091431,-0.8580267208,-0.0776815191
67,random_044,4,0.0817987262,-0.5648854855,-2.8279343928,-1.5956522771
67,random_044,5,-0.2822632684,0.0504719350,2.6551048952,-2.7268821993
67,random_044,6,0.2658859446,-0.5305016010,-1.7276358843,2.1892563688
67,random_044,7,0.7953538066,0.5471425670,2.5854502408,2.0445537756
67,random_044,8,0.1660942494,0.5165812133,0.3890839088,1.2989672458
67,random_044,9,0.6323041970,-0.2056959617,-1.3186311027,-0.0997789128
67,random_044,10,0.7646055150,0.5990454853,-0.0901313343,-0.6924226707
67,random_044,11,-0.1859887656,0.0190855639,-1.5790554083,-0.8282570900
67,random_044,12,-0.4415354495,-0.3805012428,-3.5370653462,-0.8557143090
67,random_044,13,0.4777710876,-0.7645721330,-4.5080593315,-0.0893498826
67,random_044,14,0.2701619697,0.1227934952,-2.5135462130,3.2180312249
67,random_044,15,-0.3746323837,-0.8070280575,-3.4936356253,-0.3935186771
68,random_045,0,0.0417501293,0.4465795610,-0.8924165495,0.9210351756
68,random_045,1,-0.5706994921,0.2477602671,-1.5657937842,-1.2080060241
68,random_045,2,0.3425062971,-0.8803706532,-4.2723742260,-0.5179258287
68,random_045,3,-0.1320246844,-0.8502358945,0.1822274120,3.9193085629
68,random_045,4,0.7180400212,0.7202843873,-0.7291061066,-2.0314070071
68,random_045,5,0.2985982691,-0.4188527546,4.7753385836,0.7968362721
68,random_045,6,0.2510707051,0.6073383504,2.2246953585,0.4840626951
68,random_045,7,-0.7789055916,0.0570854104,-0.8634203900,0.9544520585
68,random_045,8,-0.5263582859,-0.4444407288,3.1167767378,3.5605854867
68,random_045,9,-0.5202075662,-0.2398051872,-0.6990742517,-1.0655682494
68,random_045,10,0.6847328079,0.8714053237,-1.3188403532,-4.2588293154
68,random_045,11,-0.4300068787,0.5036887223,-0.8648484157,0.2666091708
68,random_045,12,0.2755716890,0.2189303477,0.5407601325,1.3152006136
68,random_045,13,0.6266623726,-0.5664564629,1.7673792719,3.2709458319
68,random_045,14,-0.6751332695,0.7010837430,-2.5463602464,0.5443888381
68,random_045,15,-0.4980130723,-0.0529592561,1.8130588962,0.1935846956
69,random_046,0,-0.7316051519,-0.4156058644,-3.4364487526,1.5225105827
69,random_046,1,0.3011064329,0.1168880539,2.4185333902,-2.0122907551
69,random_046,2,-0.4174457499,0.1086017493,-1.2466255170,-1.0495379890
69,random_046,3,-0.7334346469,0.5394712662,3.3238268206,-0.4348231189
69,random_046,4,0.8897111612,0.7858865556,0.6185197097,0.3771531478
69,random_046,5,0.2831687537,-0.2340815992,0.2102504727,0.9051334850
69,random_046,6,-0.1045530075,0.2227903989,-3.6466406566,2.3322013639
69,random_046,7,-0.7912950875,0.1073894579,-4.8103999744,-1.5708566804
69,random_046,8,-0.7992404331,0.5633032806,0.3925899907,0.0509204741
69,random_046,9,-0.7548609370,0.0591119819,-2.4782032714,-2.6102288293
69,random_046,10,0.7634561144,-0.0860742127,-2.1803720111,-3.4041107191
69,random_046,11,-0.8625489731,-0.5425470211,0.0473102958,2.3094506204
69,random_046,12,-0.2496574685,0.2654769970,-1.1378285174,2.8456596707
69,random_046,13,-0.1695473047,0.8650661472,2.2015987680,-4.7557249992
69,random_046,14,-0.8725948455,-0.6576633760,-1.6099589264,-1.4932172016
69,random_046,15,0.8128923909,-0.1755032327,-0.3718342518,0.3380671175
70,random_047,0,0.6923171588,0.7671579922,3.0605412540,0.7413935788
70,random_047,1,0.3939125614,-0.5070704467,-0.0669599212,1.6072074263
70,random_047,2,0.2136381839,0.8579518977,3.4124073699,1.2037874467
70,random_047,3,-0.7639500488,0.7535327889,1.7370445215,-2.1257383010
70,random_047,4,-0.0030825958,-0.5735592761,0.0435668958,-1.9826221517
70,random_047,5,0.6814884967,-0.0454158663,-3.0741219099,1.2504595289
70,random_047,6,0.4268487809,-0.6753663671,0.0266069712,1.2914514736
70,random_047,7,-0.0620528816,-0.2576712281,3.4054484939,3.5700713026
70,random_047,8,0.1077737108,0.0131672558,0.7862518149,1.8788200922
70,random_047,9,0.4661284247,0.3027581524,-0.3127802642,3.1101453936
70,random_047,10,-0.5620449922,0.1136020034,-1.5344672674,3.0673235522
70,random_047,11,0.4282764929,0.4314965407,-0.6296073292,-2.4813974192
70,random_047,12,0.8727506273,0.1687802747,2.7886756392,0.8645934669
70,random_047,13,-0.2611532184,-0.7209056535,2.8226776845,0.5514834894
70,random_047,14,0.1751956609,0.6383730550,-2.1828557213,-0.8221454752
70,random_047,15,0.2544948925,-0.5254375440,0.7946463087,0.5496944708
71,random_048,0,0.1579315866,0.2022881248,-4.3052543233,-1.5644972418
71,random_048,1,-0.3398429251,-0.5143556930,-0.1900213348,-1.1662482232
71,random_048,2,-0.8291186494,-0.2010088355,-3.3278400345,0.5532061714
71,random_048,3,0.2092966488,-0.6045484254,2.4105970185,-0.7144731329
71,random_048,4,-0.3111242188,-0.0721858325,2.5657109859,-0.4564941796
71,random_048,5,0.2464085233,-0.8319794424,0.4701332360,2.5648900770
71,random_048,6,-0.7897832055,0.8758959662,1.4904701215,-1.2793614741
71,random_048,7,-0.4527281073,0.4553692331,0.1251522355,-2.1496623637
71,random_048,8,-0.1427443819,0.1601177027,-0.0902411994,3.7869416553
71,random_048,9,-0.0899667835,-0.4433533236,2.1884465776,3.1934937938
71,random_048,10,-0.8253948557,-0.6101449582,-0.0037216284,0.5862117789
71,random_048,11,-0.8784872307,-0.3657222617,0.7264123759,1.4737663700
71,random_048,12,0.4104407018,0.8616582459,2.2877992880,2.8415627296
71,random_048,13,-0.0458378684,0.5213066592,-5.0012309180,-1.5371942769
71,random_048,14,0.1320452615,-0.1053982067,1.5045744281,-1.5683228199
71,random_048,15,-0.7563488190,-0.8924361948,1.6759185572,-1.3272088674
72,random_049,0,0.3756100820,0.4561861865,-2.6699367990,-2.0226710094
72,random_049,1,0.4831910043,0.0550617303,-0.6830151736,3.2516743516
72,random_049,2,-0.6160925197,-0.7703463028,0.8463574726,2.0096811904
72,random_049,3,-0.5847402341,-0.5391891159,-2.1682980273,-0.1676034803
72,random_049,4,-0.5729249625,-0.3875728199,1.8699080981,-0.5714647954
72,random_049,5,-0.8647208099,0.1131947550,1.4193948738,-2.0265178744
72,random_049,6,-0.1087748613,-0.3235005986,0.5018950264,0.6670149679
72,random_049,7,-0.1646399158,-0.8860415805,-0.5608856438,-1.7663484591
72,random_049,8,0.0900429771,0.1791160473,1.9355375849,0.3893518888
72,random_049,9,-0.5022393904,-0.0514922789,-1.2520747408,-0.0056922991
72,random_049,10,0.1019301676,0.2810642764,-0.5835522177,2.8069873246
72,random_049,11,-0.2014100288,-0.1921781852,-0.2085017355,0.8635277644
72,random_049,12,0.1879690562,-0.8050312594,-0.8127202731,-0.0244234658
72,random_049,13,-0.1308390675,-0.0491128382,3.3277972180,2.9323924533
72,random_049,14,0.1750404536,0.5534249101,2.6377355802,1.8279417691
72,random_049,15,-0.3373387497,0.3437460643,2.4101200680,-0.8648713431
73,random_050,0,0.6405038681,-0.5163037293,-3.0472485381,1.5857504036
73,random_050,1,0.3101242971,0.2915383630,1.1657707206,-1.7736588367
73,random_050,2,-0.8427531038,-0.3377108035,1.1622775377,0.5750601077
73,random_050,3,-0.4136792573,0.4255957864,4.4961717237,-3.0459058592
73,random_050,4,-0.5468484276,-0.0001991292,1.8065830705,2.1077113877
73,random_050,5,-0.5053075616,-0.2170540162,-0.5831044675,1.5146878979
73,random_050,6,0.1392970583,0.8355454312,1.2232359628,-2.1165094102
73,random_050,7,-0.0741470863,0.8009503846,-2.1145926209,-2.0245331656
73,random_050,8,0.2297601200,0.5238540987,0.2056943868,-2.8142876577
73,random_050,9,-0.4000825894,0.3483081643,-0.1769231906,-1.4791725611
73,random_050,10,-0.4079696249,-0.6861482489,-0.6397446707,-0.0943273921
73,random_050,11,-0.0401692557,-0.0341379887,1.8564818590,0.8243796147
73,random_050,12,0.1271918533,0.3974441088,2.8374007360,0.7400072622
73,random_050,13,-0.5598959087,0.4195125879,-0.3533410223,0.2736733117
73,random_050,14,-0.7599588190,-0.8307503548,3.4139134195,0.0769982538
73,random_050,15,0.0566858995,0.1653057494,-1.0045130176,-2.6107330256
74,random_051,0,-0.6413334063,-0.5857135892,-0.6639762514,-0.9780886127
74,random_051,1,0.6091554361,-0.5107369795,-3.0104432877,0.5566333690
74,random_051,2,-0.7027241794,-0.8698901540,-2.0294350875,-1.1935943953
74,random_051,3,-0.2678719833,0.5820320224,2.0296158376,-3.2990465898
74,random_051,4,-0.0420169350,-0.6031288876,-0.2074780536,-0.2794486897
74,random_051,5,-0.5658439503,-0.6207500525,-0.2904277924,4.4542041191
74,random_051,6,0.6336946612,0.1988864326,-2.1109063259,-2.3755936329
74,random_051,7,-0.1902967169,0.5545414473,-1.7557019802,0.1182728995
74,random_051,8,-0.0187692627,-0.6398286302,-0.7621832800,-1.9041582374
74,random_051,9,0.0230821216,0.0540173266,-4.8853147442,-0.2804108547
74,random_051,10,-0.0993317279,-0.0370253427,-4.3323989280,0.4914981123
74,random_051,11,0.1424427304,-0.3254592171,-0.1579178333,1.2183146357
74,random_051,12,0.8416195306,0.4801669322,2.1916372912,-2.2323211594
74,random_051,13,-0.5300599676,0.7092082753,1.3627459708,-0.9794206067
74,random_051,14,-0.6842184461,0.6154098138,2.6339192829,-1.3326311397
74,random_051,15,0.8284958444,0.0201819898,1.7269306806,-1.3556266437
75,random_052,0,0.4013905868,0.5943247194,1.1880413178,1.9025812770
75,random_052,1,-0.4937691026,0.4297777244,-0.8377302554,0.5427533343
75,random_052,2,0.5090188640,0.5455497184,0.2911041634,0.1378770925
75,random_052,3,0.3342927654,0.1464291835,-0.7543494389,0.2227784681
75,random_052,4,0.8573779233,0.0803645762,0.2458238724,2.2452607585
75,random_052,5,-0.2950840620,0.0333528127,0.6200164990,-1.1148250493
75,random_052,6,0.0521394000,-0.4155113154,-1.7308573450,0.2306560527
75,random_052,7,0.7273018503,0.5224501789,0.8228776036,-0.5622524906
75,random_052,8,0.8899123592,-0.6749390624,6.5855548366,-0.6298286961
75,random_052,9,-0.8734080638,-0.2472984043,-1.0840561277,3.1723302786
75,random_052,10,0.6610540403,-0.0360244087,0.8927819982,-3.5055960757
75,random_052,11,-0.8068500635,-0.1067569382,0.6419292421,1.2613003232
75,random_052,12,0.5726292380,0.3482227337,2.8658204027,-2.1261214720
75,random_052,13,-0.7799627089,-0.2377287722,-1.7237498356,1.3378018222
75,random_052,14,-0.0567243345,0.1943893292,-0.0078456773,1.1002563191
75,random_052,15,-0.5112773744,0.7259792017,-1.5931118663,5.2942235673
76,random_053,0,-0.7847260972,0.3528178837,1.7808529501,-2.4126104450
76,random_053,1,0.5606641505,-0.4333658997,-1.4452189017,0.3299720932
76,random_053,2,0.0191676987,0.0474848811,-1.4294887402,-0.1732546648
76,random_053,3,-0.0484455289,0.5026116784,0.6186029518,-1.5268938224
76,random_053,4,0.0752345555,-0.6175036116,-1.5027321129,-2.9963583937
76,random_053,5,0.8837925289,-0.4025546974,-1.2150803403,1.4686932758
76,random_053,6,-0.2797138100,0.1221716923,-1.4372906172,1.6260223859
76,random_053,7,0.7277714747,0.3956455439,1.9051413925,-0.8592782490
76,random_053,8,0.1502307161,-0.6146562367,-1.8714335505,0.5675454802
76,random_053,9,0.4327959885,-0.5863908697,-0.0442103776,3.6806093382
76,random_053,10,0.2605182485,-0.0398843805,-1.4686495964,2.0414289677
76,random_053,11,0.2085146188,-0.6781130189,-3.7974981498,4.0678660952
76,random_053,12,0.0869537444,-0.7107770064,-0.2959156118,-1.5190525256
76,random_053,13,-0.5948545758,0.3755683602,-0.6622240542,-1.5625014701
76,random_053,14,0.4270446437,0.5378142957,1.1486942298,0.7715723710
76,random_053,15,-0.3440954065,-0.6634790595,-2.8391670270,2.1413257021
77,random_054,0,0.6664196226,-0.3749197065,-0.1419506199,-2.2199017205
77,random_054,1,-0.2797056260,-0.7150184164,0.1115279375,-2.5580965170
77,random_054,2,-0.1248735180,-0.5148344823,-1.4871001424,2.4725016073
77,random_054,3,-0.5086498872,0.6883986557,2.2649074675,-5.1818212827
77,random_054,4,-0.5087218089,-0.6286729079,-0.6884480330,-1.4169021122
77,random_054,5,0.5775258524,-0.6052973582,-0.0021779830,1.1786429922
77,random_054,6,0.1427663828,0.6686085409,5.2169635147,3.0764713697
77,random_054,7,0.2711735829,0.8517625004,0.3134321292,-0.0702232194
77,random_054,8,0.4668800966,0.4217402256,1.7115537185,-1.2437289648
77,random_054,9,-0.8205222987,0.2850643123,0.3927715840,1.6969283956
77,random_054,10,0.0803594201,-0.6736749210,0.1446781190,-0.3115148718
77,random_054,11,0.1003762213,-0.0159102765,0.3950680777,1.8924885153
77,random_054,12,0.4652142907,-0.6209623965,3.4780137383,0.0692736565
77,random_054,13,0.4308699299,-0.2504071694,0.2651945202,0.3916297987
77,random_054,14,-0.4032429365,-0.0090996951,0.8326874582,-0.0516348112
77,random_054,15,-0.6978199438,-0.7266786256,-2.1444075249,-3.7228281399
78,random_055,0,-0.6561228744,0.5021623060,-0.8008841112,-3.2092532350
78,random_055,1,0.4208833679,0.1553036048,2.1684756178,3.2175827261
78,random_055,2,0.6140217116,-0.8862532503,-0.2849103737,-0.6168864425
78,random_055,3,-0.0118455429,-0.2888129564,-3.6732869588,2.6128307640
78,random_055,4,-0.3961499860,0.5504244330,-2.1018221866,1.5043019746
78,random_055,5,-0.1966849867,-0.0666941096,-0.6758987296,1.5636667770
78,random_055,6,-0.2417950250,-0.7938756967,-1.3085822034,-1.6071709238
78,random_055,7,-0.6414915175,-0.8019201056,0.3916819302,0.0937058773
78,random_055,8,-0.7527713502,-0.6277640918,-1.9145734983,0.4772868994
78,random_055,9,0.0594525920,-0.0056902770,-1.4439033967,-1.2473363531
78,random_055,10,0.1211141654,0.4342631126,-0.9463507215,-1.0233275351
78,random_055,11,0.6021009539,-0.7672919460,-3.0392470905,-0.3534440080
78,random_055,12,-0.1945818648,-0.6842937134,-3.1812245052,0.1897800960
78,random_055,13,-0.3338590961,-0.7347036722,5.2767929971,1.7920649260
78,random_055,14,0.1485564186,0.1393537328,-0.7328061967,3.2804548796
78,random_055,15,0.6582889229,0.6665393947,1.7685734368,1.3603404733
79,random_056,0,0.6071150561,0.0736321211,2.4335278928,-0.7364424806
79,random_056,1,-0.7522129991,-0.6736197444,-1.6228373435,-3.3001537132
79,random_056,2,0.4823436671,-0.5766964075,1.0717421993,1.0835284357
79,random_056,3,0.5817776583,-0.0142168032,-3.4217203252,-2.4618731451
79,random_056,4,-0.8304264062,-0.0586779620,1.0961912773,1.9597904830
79,random_056,5,0.0374827279,0.5263645754,1.4193119808,2.5567946157
79,random_056,6,0.7185382432,-0.1559295046,1.9347999690,1.1669595221
79,random_056,7,0.7452786081,-0.1721157617,3.7539735402,-0.8553294858
79,random_056,8,0.6008723598,0.8125786427,1.8252506313,1.2790150717
79,random_056,9,0.5689028363,0.2143382917,1.2673232190,2.0244847672
79,random_056,10,-0.7416185975,0.0221366471,1.0571868993,2.6801235999
79,random_056,11,-0.6964981873,0.2115462712,2.5214282759,-3.5378012346
79,random_056,12,0.8772585398,0.4561822814,-0.3356916037,2.6324972589
79,random_056,13,0.4660734442,-0.2129767905,-3.0982680443,2.5938280282
79,random_056,14,0.4153063999,-0.3019395227,0.5808920619,-2.9757857805
79,random_056,15,-0.6466654577,-0.8870488146,-0.7692697319,-2.9315220047
80,random_057,0,0.6372470183,-0.7340704312,-0.1786912349,-0.3348859954
80,random_057,1,-0.5144176522,0.1727929858,-2.2306322703,0.1054289154
80,random_057,2,-0.4913109663,-0.6252013263,-1.9986379872,0.3297371276
80,random_057,3,-0.2895762807,-0.5333933838,0.9261786363,1.1169011468
80,random_057,4,0.0810868887,-0.4395822259,4.5173288455,-0.0141616319
80,random_057,5,-0.0804563769,0.7527015616,-2.8065165511,0.8505631571
80,random_057,6,0.5053181171,0.3004765374,1.4695507922,-4.1795349352
80,random_057,7,-0.6550111334,-0.2994450030,1.7944778718,0.0022987640
80,random_057,8,0.5357131290,-0.0693184213,2.3201457432,-1.3961723213
80,random_057,9,0.4944535871,0.7159754367,-1.9578980069,-1.7229566421
80,random_057,10,-0.1535570314,-0.4530630236,-0.1028771153,-0.7807260730
80,random_057,11,0.3080540471,-0.8452680583,2.6865433892,-3.5717923378
80,random_057,12,0.2883821247,0.6797219348,-0.4890667111,-0.5077766259
80,random_057,13,-0.6476925511,-0.1245495135,2.9239657429,-1.0628625258
80,random_057,14,-0.3321520260,0.4755077978,3.8459288458,0.4564096348
80,random_057,15,0.1352278710,0.6918291375,-0.5238476976,-1.0355965569
81,random_058,0,-0.0022095468,0.5797102706,3.9242807153,1.8328658136
81,random_058,1,-0.5478092518,0.2443054956,-1.3206385125,-0.6609284696
81,random_058,2,0.1600606905,0.1932793593,-1.9998728771,0.4975706579
81,random_058,3,0.6934463276,-0.4053153174,0.5150967848,3.0070009315
81,random_058,4,0.8324282750,0.1535221483,0.0265997377,2.1958387517
81,random_058,5,0.0018514684,0.1189363352,-0.3843174008,-1.8303899515
81,random_058,6,0.8507647833,0.7685221498,3.7114408237,0.5717914857
81,random_058,7,-0.3138019980,-0.4847963611,-3.3922648982,1.0343114278
81,random_058,8,0.7638772866,0.6558717263,3.4204533480,2.2006379479
81,random_058,9,-0.1016745829,0.1473604099,0.0351006947,-0.7211305925
81,random_058,10,0.8499886655,-0.4892730436,-1.0355153551,1.9275381608
81,random_058,11,0.5749815199,0.6316646516,0.9478810699,-1.9886114262
81,random_058,12,0.0774881104,-0.1498103663,-0.6849973002,-1.2721673975
81,random_058,13,-0.0934123291,-0.4246460149,-0.1811620560,-0.1119574674
81,random_058,14,0.1399687671,0.3049296364,-1.2690471738,1.9305805554
81,random_058,15,0.0383325296,-0.0113952662,-2.3483903485,0.6624139020
82,random_059,0,0.5758966049,0.3131934803,-0.3372230540,-0.5538283125
82,random_059,1,0.5912579363,-0.8886453035,-1.4178328726,2.2438942882
82,random_059,2,0.0761706661,-0.0251855883,-2.5500468684,-1.4498988031
82,random_059,3,-0.6749737507,-0.8772823446,0.6443004800,-3.1719942994
82,random_059,4,0.1436176082,0.3860658055,3.0770142134,0.7832871734
82,random_059,5,-0.1679527609,-0.5133864426,-1.8941766408,0.2887205078
82,random_059,6,-0.6456604870,-0.0490837078,-2.4358614444,-0.7900684654
82,random_059,7,0.0601928240,0.0529355762,-0.6588357587,1.0964448487
82,random_059,8,0.4078723650,0.0441448616,0.0637678588,3.5167448109
82,random_059,9,0.0921186951,-0.6164393611,1.9198181619,0.1726195264
82,random_059,10,-0.7554856393,-0.6157414606,0.1030831019,-1.4376529430
82,random_059,11,0.1447316332,-0.4429671138,-0.9088420493,-0.7189416389
82,random_059,12,0.7766446127,0.7329195674,4.8125657451,2.1590911876
82,random_059,13,-0.2717205951,0.5669399434,0.6768732632,0.9030681703
82,random_059,14,-0.7157833282,0.6951452911,5.1368522070,0.6310320874
82,random_059,15,0.0258505618,0.6835584843,2.9828893352,1.3385775465
83,random_060,0,0.2652593033,0.5457733661,2.3778888140,-4.2002970516
83,random_060,1,-0.5275392975,-0.2197647673,-1.5449401054,2.6643933562
83,random_060,2,-0.8793437253,-0.8464775291,-3.7199414059,0.6402257897
83,random_060,3,0.3512080336,0.2014196607,1.4757247376,5.2203210071
83,random_060,4,0.8682358355,-0.5613325061,-1.8313365694,1.1411406489
83,random_060,5,0.6291469509,0.0012355493,0.4111328716,-1.8105300959
83,random_060,6,0.0660263668,-0.2438549432,2.3063975173,-0.4469369572
83,random_060,7,0.0205941139,-0.3357554917,3.1718756252,0.6905879263
83,random_060,8,-0.4490210971,-0.6482203354,-1.4523446361,-0.8427714959
83,random_060,9,0.4785535859,-0.6505604794,-0.5233801531,-0.6549754299
83,random_060,10,0.8906407993,-0.6616153040,1.0389105374,1.2719837684
83,random_060,11,0.8660837442,-0.4960903567,2.7179711025,3.7988897170
83,random_060,12,-0.8057142029,0.0641988598,0.4208317467,1.5036054361
83,random_060,13,0.4680133200,-0.5333337705,2.0121835244,-2.1187131782
83,random_060,14,0.5066888092,-0.1700058819,-0.6105003539,0.1134741071
83,random_060,15,-0.3709437259,0.3540868777,-2.0063243999,1.7619763093
84,random_061,0,-0.8920520613,0.6940331413,-0.1737304478,0.2407424652
84,random_061,1,-0.1157832188,-0.4674346438,-0.5412366972,0.5393402323
84,random_061,2,0.0895843700,0.7138221624,3.7086730087,3.8081950872
84,random_061,3,-0.4466210707,0.2457313572,-3.8393951325,-0.5580719701
84,random_061,4,0.3473323525,0.6415820807,-2.2729928707,3.0502805425
84,random_061,5,-0.2113364750,-0.8235952899,-3.2818310670,-0.2060723390
84,random_061,6,0.4111302606,-0.4175461345,-2.9720347577,1.1860360885
84,random_061,7,0.7326256558,-0.7538835161,-4.6468174174,-0.1487505627
84,random_061,8,0.5182257062,0.1887792892,2.1031898079,1.3864741580
84,random_061,9,-0.7873636406,0.4548564232,2.1100778281,0.0931984909
84,random_061,10,-0.1077948141,0.2793898390,-0.8622069383,0.6259127553
84,random_061,11,-0.2839311418,0.1110100442,-1.8068907597,2.4768071593
84,random_061,12,-0.1976802704,-0.7504987301,-0.5531635819,-1.5819140417
84,random_061,13,-0.6127953755,0.1197832651,1.6402021092,-0.5855014676
84,random_061,14,0.7959841366,-0.5359533364,-1.9683450615,-1.6532276114
84,random_061,15,0.5867451390,0.5406665137,-0.9163310037,2.4310812736
85,random_062,0,0.4280960850,0.2023756826,0.7800716704,1.5747028692
85,random_062,1,0.5754796258,-0.4548606272,1.1127385995,0.5780016990
85,random_062,2,-0.6987401495,-0.1658861066,0.4048309703,0.7674337274
85,random_062,3,-0.7809907258,0.8132641179,0.5753039370,1.1547964068
85,random_062,4,0.6394285361,0.3651555183,-1.9660790583,-3.1083153695
85,random_062,5,-0.2924400394,-0.6851037244,0.0807241866,2.1203654787
85,random_062,6,0.1468515477,0.8516456386,-1.7778856000,-3.2504299716
85,random_062,7,-0.2807530764,0.7239031689,-0.2509236297,-0.1629624068
85,random_062,8,-0.2473681574,-0.4766484510,2.3045256782,0.5193023690
85,random_062,9,0.4939853230,0.5774442679,-0.3235563608,-0.1249786275
85,random_062,10,0.8239580760,0.5736445808,-2.5166265713,-1.0344614921
85,random_062,11,-0.0703352380,-0.6837593606,1.8181978494,5.6754127277
85,random_062,12,0.2111931123,-0.2454011588,3.0068800138,0.3962364956
85,random_062,13,-0.2820004451,-0.4168695592,4.2741772525,-1.5702337112
85,random_062,14,0.2388796242,-0.0578830847,1.2101063175,1.9413492251
85,random_062,15,-0.1251724280,0.6536819668,-1.8829478956,-2.2382084981
86,random_063,0,-0.8325025535,0.0188787138,1.4148708037,2.6253666297
86,random_063,1,0.5359742152,0.6581454411,-1.1618455185,-2.3349558049
86,random_063,2,0.2755234140,-0.5831874733,0.2709379791,-3.5320551823
86,random_063,3,0.1449955031,0.2142651848,-1.2944252278,2.8189692913
86,random_063,4,0.7998912269,0.8458321053,1.7907839933,0.3925806204
86,random_063,5,0.4016682927,0.3992415125,-1.0248711478,-0.2057975686
86,random_063,6,-0.1504316281,0.3173100637,0.7018193692,-0.1329217918
86,random_063,7,0.0384748207,-0.2433752670,-2.7327936785,-0.6983134183
86,random_063,8,0.8102915684,-0.6036658271,0.4197302737,-1.7080066920
86,random_063,9,-0.2113923075,0.4436784886,-1.6287599492,-0.3208561260
86,random_063,10,0.5582194596,0.3274712846,-1.7489284779,-1.4596193398
86,random_063,11,-0.0531331494,0.2488434483,-4.0831502513,3.7888865388
86,random_063,12,-0.6274108622,0.1647634545,-3.0243075527,0.3932932278
86,random_063,13,-0.4772869160,0.7860507748,-0.0314252690,-0.3574206934
86,random_063,14,0.0837199137,-0.0287223527,-0.0025942693,-1.2569343786
86,random_063,15,0.1182698062,-0.3401629222,-1.1850819325,2.2898441080
